"TID","EN","AR","CN","CNT","DE","ES","FI","FR","HE","ID","IT","JP","KR","MS","NL","PL","PT","RU","TH","TR","VI"
"string","string","string","string","string","string","string","string","string","string","string","string","string","string","string","string","string","string","string","string","string","string"
"TID_DIGGER_ULTI_DESC","Moe gets into his trusty Driller, drilling to targeted location, dealing damage and knocking brawlers up at the destination. He gains a new attack in his Driller form.","يركب مو آلة الحفر المتينة ويحفر للوصول إلى الموقع المستهدف، فيلحق الضرر بالأبطال ويطيح بهم في الهواء عند وصوله إلى وجهته. يكتسب مو هجومًا جديدًا في هيئته كحفار.","阿萌跳进他可靠的工程钻机，钻到目标位置，将该处的敌人击飞并造成伤害。在钻机内，阿萌会获得新的攻击方式。","莫跳進他可靠的工程鑽地機，鑽到目標位置，將該處的敵人擊飛並造成傷害。在鑽地機內，莫會獲得新的攻擊方式。","Moe steigt in seinen treuen Bohrer, bohrt sich zum Zielort, verursacht Schaden und stößt Brawler am Zielort in die Höhe. Er erhält einen neuen Angriff, wenn er im Bohrer sitzt.","Moe se sube en Dora, crea un túnel subterráneo hacia un punto del campo de batalla y, cuando emerge, inflige daño y lanza por los aires a los brawlers que se encuentren en la zona. Cuando está a bordo de Dora, Moe obtiene un nuevo ataque.","Moe hyppää rakkaan poransa kyytiin ja kaivautuu valitulle alueelle aiheuttaen samalla tuhoa ja heittää perillä vastustajia ilmaan. Hän saa poran kyydissä ollessaan myös uuden hyökkäyksen.","Moe grimpe dans sa fidèle foreuse et fore jusqu'à la destination choisie, infligeant des dégâts et projetant les brawlers dans les airs quand il ressort de terre. Dans la foreuse, il gagne une nouvelle attaque.","מו נכנס לדרילר – מכונת הקידוח הנאמנה שלו – קודח אל יעד ספציפי, גורם נזק ומכסח שם בראולרים. הוא זוכה להתקפה חדשה כשהוא בדמות הדרילר שלו.","Moe masuk ke Mesin Bor kesayangannya, mengebor ke lokasi yang ditargetkan, menimbulkan kerusakan, dan menumbangkan jagoan di destinasi. Dia mendapatkan serangan baru dalam mode Mesin Bor","Moe crea un tunnel sotterraneo con Nella e raggiunge un altro punto dell'arena, danneggiando e scaraventando in aria i nemici nel punto di uscita. Quando si trova a bordo di Nella, ottiene un nuovo attacco.","自慢の「ドリラー」で地中に潜って別の場所に移動し、敵を上方に弾き飛ばしてダメージを与える。ドリラーに乗っている間は通常攻撃が変化する。","자신의 든든한 드릴러를 타고 목표한 장소로 드릴을 뚫으며 이동해 브롤러를 위로 밀쳐내고 피해를 줍니다. 모가 드릴러 안에 있을 때는 새로운 일반 공격을 합니다.","Moe melompat ke dalam gerudi yang dipercayainya, menggerudi ke lokasi sasaran, melakukan kerosakan dan menewaskan brawler di destinasi. Dia mendapat serangan baharu dalam bentuk gerudi.","Moe kruipt in zijn vertrouwde Driller en boort naar de aangegeven locatie. Bij bovenkomst stoot hij knokkers omhoog en brengt hij ze schade toe. Hij krijgt een nieuwe aanval in zijn Driller-vorm.","Moe uzbraja się w niezawodne Wiertło, którym świdruje przez ziemię do obranej na cel lokalizacji, rażąc i wyrzucając znajdujących się tam Zadymiarzy w powietrze. W formie Wiertła Zadymiarz zyskuje nowy atak.","Moe entra em sua fiel escavadeira e cava um túnel para um novo local, lançando Brawlers pelos ares e causando dano. Na escavadeira, ele ganha um ataque novo.","Мо прыгает в свой верный дырокоп и бурит тоннель под землёй, нанося урон по пути, а также подбрасывая противников при выходе на поверхность. Находясь в дырокопе, Мо получает новую атаку.","โมกระโดดเข้าสว่านคู่ใจแล้วขุดลงใต้ดินไปยังตำแหน่งเป้าหมาย สร้างความเสียหายและกระแทกศัตรูในพื้นที่เป้าหมายขึ้นไปในอากาศ เขาจะได้รับการโจมตีใหม่เมื่ออยู่ในสถานะสว่าน","Moe sadık delicisine biner, hedefindeki konuma gider ve vardığı yerdeki savaşçıları devirip onlara hasar verir. Delici formundayken  yeni bir saldırı kazanır.","Moe nhảy vào Máy khoan và khoan đến vị trí mục tiêu, gây sát thương và hất tung đối thủ lên không trung tại đích đến. Moe sẽ có đòn tấn công mới khi đang ở trong Máy khoan."
"TID_DIGGER_SP_2_DESC","Moe´s Driller has increased travel speed while drilling underground.","تزيد سرعة تنقل حفار مو خلال الحفر تحت الأرض.","阿萌的钻机在地下时，移动速度会提升。","莫的鑽地機在地下時，移動速度會加快。","Moes Bohrer bewegt sich schneller fort, wenn er unterirdisch bohrt.","Dora, la excavadora de Moe, se mueve más rápido al avanzar bajo tierra.","Moen pora liikkuu nopeammin maan alla.","La foreuse de Moe se déplace plus rapidement sous terre.","הדרילר של מו מאיץ את מהירות התנועה שלו בזמן חפירותיו התת-קרקעיות.","Kecepatan pergerakan Mesin Bor milik Moe meningkat selama menggali di bawah tanah.","La trivella di Moe si muove più velocemente mentre scava sottoterra.","ドリラーでの潜行速度が上昇する。","지하에 있는 동안 모의 드릴러가 더 빠르게 이동합니다.","Kelajuan perjalanan gerudi Moe meningkat semasa menggerudi di bawah tanah.","Moe's Driller beweegt sneller tijdens het ondergronds boren.","Wiertło Moego ma większą prędkość ruchu podczas wiercenia pod ziemią.","Enquanto estiver no subterrâneo, a escavadeira do Moe é mais veloz.","Дырокоп двигается ещё быстрее, когда находится под землёй.","สว่านของโมจะมีความเร็วในการเดินทางเพิ่มขึ้นในขณะที่อยู่ใต้ดิน","Moe'nin delicisi yer altını kazarken hareket hızı artar.","Máy khoan của Moe tăng tốc độ di chuyển khi đang khoan dưới lòng đất."
"TID_DIGGER_GADGET_2","RAT RACE","سباق الفئران","全速前进","全速前進","RATTENRENNEN","ACELERÓN","ROTTARALLI","ATTAQUE EN RAT","מרוץ עכברושים","GALI GILA","TURBO SPACCAMURI","ラットレース","치열한 경주","PERLUMBAAN TIKUS","RATRACE","WYŚCIG SZCZURÓW","RATO RÁPIDO","КРЫСИНЫЕ БЕГА","ล้อวิ่งหนู","HIZLI FARE","CUỘC ĐUA CHUỘT"
"TID_DIGGER_GADGET_2_DESC","Moe dashes a short distance in his Driller, destroying walls in the process.","يندفع مو لمسافة قصيرة بحفاره مدمرًا الجدران في طريقه.","阿萌驾驶钻机冲刺一小段距离，途中可以摧毁墙壁。","莫駕駛鑽地機衝鋒一小段距離，可以摧毀途中的牆壁。","Moe prescht mit seinem Bohrer eine kurze Strecke nach vorn und durchbohrt dabei Wände.","Moe pisa el acelerador de su excavadora, avanza una distancia corta y destruye los muros a su paso.","Moe tekee lyhyen syöksyn poransa kyydissä ja tuhoaa tielleen osuvat muurit.","Moe se rue en avant dans sa foreuse, détruisant les murs sur son chemin.","מו עובר מרחק קצר בדרילר שלו, ותוך כדי כך הורס קירות.","Moe melaju jarak dekat dalam Mesin Bor sembari menghancurkan tembok.","Moe scatta in avanti per un breve tratto a bordo di Nella, distruggendo i muri che trova sul suo cammino.","ドリラーに搭乗中、前方へ短距離ダッシュを行って壁を破壊する。","드릴러로 짧은 거리를 돌진해 경로상의 벽을 파괴합니다.","Moe memecut dalam jarak yang singkat di dalam gerudi dan memusnahkan benteng di sepanjang jalan.","Moe sprint een korte afstand in zijn Driller en vernietigt alle muren die hij tegenkomt.","Moe pędzi na krótką odległość w Wiertle, niszcząc napotkane na drodze ściany.","Moe sai em disparada com a sua escavadeira a uma curta distância, destruindo qualquer parede no caminho.","Мо делает небольшой рывок вперёд в своём дырокопе, разрушая стены по пути.","โมพุ่งไปข้างหน้าเป็นระยะสั้นๆ เมื่ออยู่ในสว่าน และจะทำลายกำแพงที่อยู่ในเส้นทาง","Moe, delicisindeyken kısa bir mesafe ileri atılır ve önüne çıkan duvarları yıkar.","Moe điều khiển Máy khoan xông về phía trước một khoảng ngắn và phá hủy tường chắn trên đường đi."
"TID_DIGGER_DRILL_WEAPON","GIGA DRILL BREAK","الحفار العملاق المدمر","破天钻头","破天鑽頭","GIGA-BOHREINSATZ","GIGAPERFORADORA","PYÖRREPORA","CREUX PROFOND","מגה-קידוח","MATA BOR GIGA","LAVORI IN CORSO","ギガドリルアタック","파괴의 기가 드릴","GERUDI PENGHANCUR GIGA","GIGA-BOORBREKER","WIERTŁOTARAN","MEGAESCAVADEIRA","ГИГАДРЕЛЬ","สว่านยักษ์เจาะทำลาย","GİGA DELİCİ","MŨI KHOAN SIÊU CẤP"
"TID_DIGGER_DRILL_WEAPON_DESC","Moe starts drilling in front of him, gaining movement speed and dealing damage to enemies in front of him.","يبدأ مو في الحفر أمامه ليحصل على سرعة تحرك، ويلحق الضرر بالأعداء أمامه.","阿萌将身前钻头开到最大功率，提升移动速度，并可对前方敌人造成伤害。","莫將身前鑽頭開到最大功率，提升移動速度，並可對前方敵人造成傷害。","Moe bohrt sich nach vorn, gewinnt an Bewegungstempo und fügt Gegnern vor ihm Schaden zu.","Moe comienza a excavar, obtiene velocidad de movimiento e inflige daño a los enemigos que se encuentren frente a él.","Moe lähtee poraamaan suoraan eteenpäin kasvavalla nopeudella, ja pora vahingoittaa Moen edessä olevia vastustajia.","Moe fore devant lui, augmentant sa vitesse de déplacement et infligeant des dégâts aux ennemis en face de lui.","מו מתחיל לקדוח לפניו, צובר מהירות תנועה וגורם נזק לאויבים שמולו.","Moe mulai mengebor di depannya, meraih kecepatan gerakan, dan menimbulkan kerusakan kepada lawan di depan.","Moe scava un tunnel davanti a sé, muovendosi più velocemente e danneggiando i nemici che si trova di fronte.","ドリルを回転させて攻撃し、前方の敵にダメージを与える。さらに移動速度も上昇する。","전방을 드릴로 뚫기 시작해 이동 속도가 증가하고 전방의 적에게 피해를 줍니다.","Moe mula menggerudi, mendapat kelajuan pergerakan dan melakukan kerosakan kepada musuh di depan dia.","Moe begint met voor zich uit te boren, waarbij hij bewegingssnelheid wint en schade toebrengt aan vijanden op zijn pad.","Moe zaczyna wiercić przed siebie, zyskując szybkość ruchu i zadając obrażenia znajdującym się przed nim wrogom.","Moe começa a perfurar para frente, ganhando velocidade de movimento e causando dano aos inimigos que estiverem no caminho.","Мо начинает бурить перед собой, набирая скорость и нанося урон врагам на пути.","โมจะเจาะลงไปในพื้นที่ด้านหน้า เพิ่มความเร็วในการเคลื่อนที่และสร้างความเสียหายให้กับศัตรูที่อยู่ด้านหน้า","Moe önündeki alanı delmeye başlayarak hareket hızı kazanır ve önündeki düşmanlara hasar verir.","Moe bắt đầu khoan về phía trước, tăng tốc độ di chuyển và gây sát thương cho đối thủ trước mặt cậu ta."
"TID_DIGGER_DRILL_ULTI","BAIL OUT","الخروج","紧急脱险","緊急脫離","AUSGEBOHRT","EXTRACCIÓN","PAKOMATKA","ÇA SUFFIT","חוזר לעצמו","TERJUN KELUAR","ESTRAZIONE","脱出","탈출","BERUNDUR","OVERBOORD","EWAKUACJA","SALTAR FORA","ПЕШЕХОД","พักเครื่อง","AYRILIŞ","CHUỒN NGAY"
"TID_DIGGER_DRILL_ULTI_DESC","Moe exits his Driller and returns to his normal form.","يخرج مو من حفاره ويرجع إلى هيئته العادية.","阿萌离开钻机，自己上场。","莫離開鑽地機，自己上場。","Moe verlässt seinen Bohrer und nimmt wieder seine normale Gestalt an.","Moe se baja de la excavadora y sigue peleando a pie.","Moe hyppää poransa kyydistä ja palaa tavalliseen olomuotoonsa.","Moe quitte sa foreuse et reprend sa forme normale.","מו יוצא מהדרילר שלו וחוזר לצורתו הרגילה.","Moe keluar dari Mesin Bor dan kembali ke bentuk normal.","Moe salta fuori dalla trivella e torna alla sua forma originale.","ドリラーから降り、通常の徒歩移動に戻る。","모가 드릴러에서 나와 일반 형태로 되돌아옵니다.","Moe keluar dari Gerudi dan kembali ke bentuk asal.","Moe verlaat zijn Driller en keert terug naar zijn normale vorm.","Moe opuszcza Wiertło i wraca do normalnej formy.","Moe sai da escavadeira e retorna para a sua forma normal.","Мо покидает дырокоп и продолжает сражаться как обычно.","โมออกจากสว่านและกลับสู่สถานะปกติ","Moe, delicisinden çıkarak normal formuna geri döner.","Moe rời khỏi Máy khoan và trở về trạng thái bình thường."
"TID_SAMURAI_DESC","This highly skilled sushi chef has a wholesome life running his restaurant in Starr Park, but it feels like he's trying to hide something about his past... though his sushi tastes so good, nobody cares!","يعيش طاهي السوشي صاحب البارع هذا حياة هادئة ويدير مطعمه في Starr Park، لكن يبدو أنه يحاول إخفاء شيء ما عن ماضيه... ولأن طعم السوشي الذي يحضره لذيذ للغاية، لا أحد يهتم بذلك الماضي.","健次是位技艺高超的寿司大厨。他在星妙乐园开了家寿司餐厅，过着幸福美满的生活。不过，人们总觉得他在努力隐藏自己的过去......不管了，反正他做的寿司超好吃！","賢治是位技藝高超的壽司師傅。他在美好星樂園經營壽司店，過著幸福美滿的生活。不過，他似乎在努力隱藏自己的過去......但也沒人在乎，因為他做的壽司超好吃的啦！","Dieser hochqualifizierte Sushimeister führt ein erfülltes Leben und betreibt ein Restaurant im Starr Park. Es scheint allerdings, als ob er einen Teil seiner Vergangenheit verschweigt. Sein Sushi ist jedoch so lecker, dass dies niemanden wirklich kümmert!","Este talentoso cocinero cambió la katana por los cuchillos de cocina y ahora regenta un tranquilo restaurante de sushi en Starr Park. Parece que oculta algo sobre su pasado, ¡pero su sushi es tan delicioso que a nadie le importa!","Tämä taidokas sushikokki pyörittää tuiki tavallista sushiravintolaa Starr Parkissa, mutta vaikuttaa siltä, että hänen menneisyydessään on jotain salattavaa... Vaan mitä väliä, jos sushi kerran on maukasta!","Ce chef sushi talentueux mène une vie modeste et tient un restaurant de sushis à Starr Park. Mais on dirait qu'il cache quelque chose sur son passé. Ses sushis sont bons, mais tout le monde s'en moque, de ça !","הסושי-שף המוכשר הזה מנהל חיים טובים ובריאים בתור מנהל מסעדת סושי בפארק סטארר, אבל נדמה כאילו הוא מנסה להסתיר משהו על עברו... אם כי הסושי שלו כל כך טעים אז למי אכפת!","Ingin memulai lembaran baru, chef sushi ini membuka restoran sushi di Starr Park. Meski sushi buatannya sangat enak, kadang ada sedikit rasa getir masa lalu kelam yang bisa dirasakan lidah yang sensitif!","Questo abilissimo chef gestisce un ristorante di sushi nel cuore dello Starr Park e sembra avere un passato turbolento che vuole nascondere a tutti i costi... Ma il suo sushi è talmente delizioso che a nessuno importa un granché!","熟練の寿司職人。現在はスターパークで寿司屋を経営しながら幸せな日々を送っているが、周囲には語れない過去があるようだ... でも職人技の極上握りを味わえるんだから、余計な詮索は無用だね！","뛰어난 솜씨의 초밥 요리사로서 현재 스타 파크에서 초밥집을 운영하며 평탄한 삶을 살고 있습니다. 하지만 자신의 과거에 대해선 좀처럼 드러내길 꺼립니다... 하지만 실은 켄지의 초밥이 너무 맛있어서 그의 과거 같은 건 아무도 신경 쓰지 않아요.","Cef susyi yang berkemahiran tinggi ini mengendalikan restoran susyi di Starr Park tetapi rasanya dia seakan cuba menyembunyikan sesuatu tentang masa lalunya... tiada orang peduli asalkan susyi dia sedap!","Deze getalenteerde sushi-chef leidt een rustig leven in Starr Park, waar hij een restaurant runt. Het voelt alsof hij iets uit zijn verleden probeert te verbergen... maar zijn sushi is zo lekker dat niemand erom geeft!","Ten utalentowany mistrz sushi wiedzie spokojne życie i razem ze swoją rodziną prowadzi restaurację w Parku Starr. Wygląda jednak na to, że próbuje ukryć coś ze swojej przeszłości. Jego sushi jest jednak tak smaczne, że nikt się tym nie przejmuje!","Este samurai trocou a catana pelos utensílios de cozinha para cuidar do restaurante de sushi no Starr Park. Parece que ele está escondendo algo sobre o seu passado, mas seus sushis são tão deliciosos que ninguém se importa!","Кэндзи держит суши-ресторан в парке Старр. Он подозрительно мало рассказывает о своём прошлом, но так хорошо готовит суши, что посетителям всё равно...","เชฟซูชิมือฉมังมีชีวิตดี๊ดีกับกิจการร้านอาหารใน Starr Park แต่ดูเหมือนว่าเขาพยายามปิดบังอดีตของเขาไว้ แต่เพราะฝีมือปั้นซูชิที่อร่อยขั้นเทพ จึงไม่มีใครสนใครแคร์เรื่องราวเก่าๆ ของเขา!","Bu son derece becerikli suşi şefi, Starr Park'ta kendi restoranını işleterek hayatın tadını doyasıya çıkarıyor. Ancak geçmişiyle ilgili sakladığı bir şeyler var gibi... Aman canım, suşileri lezzetli olduktan sonra kimin umurunda?","Chàng đầu bếp sushi xuất sắc này có cuộc sống bình dị và sở hữu một nhà hàng ở Công viên Starr. Có vẻ như anh ta luôn muốn che giấu quá khứ... nhưng không ai quan tâm vì tay nghề làm sushi của anh ta quá đỉnh!"
"TID_SB_DAMAGE_3_DESC","Hitting an enemy gets you a Chum Ball, giving you homing projectiles, increased movement speed for a short time and heals you.","ضرب عدو سيمنحك قطعة واحدة من وجبة قطع الصداقة، مما يمنحك قذائف موجهة وسرعة تحرك زائدة لمدة قصيرة وصحة.","命中敌人可获得一颗海霸丸，使自身弹道攻击自动追踪敌人、暂时提升移动速度，还会使你恢复生命值。","命中敵人可獲得一顆海之霸丸，使子彈自動追蹤敵人、暫時提升移動速度，還會使你恢復生命值。","Wenn du einen Gegner triffst, erhältst du ein Abfallbällchen. Dieses gewährt dir für kurze Zeit zielsuchende Geschosse, erhöhtes Bewegungstempo und es heilt dich.","Al golpear a un enemigo, obtendrás una bola de carnada que te equipará con proyectiles dirigidos, potenciará tu velocidad de movimiento durante un breve periodo de tiempo y te curará.","Vastustajaan osumalla saat syöttipallon, joka antaa sinulle hakeutuvia ammuksia ja lisää liikkumisnopeutta lyhyeksi ajaksi sekä parantaa sinua.","Frapper un ennemi confère une boule de chum : vos projectiles suivent les ennemis, votre vitesse est augmentée pour une courte durée et vous récupérez des PV.","פגיעה באויב מזכה אותך בקציצת דגים, המעניקה לטילים שלך יכולת התבייתות, מאיצה את התנועה שלך למשך זמן קצר ומרפאה אותך.","Menyerang lawan akan memberikan Bola Chum yang membuat proyektil serangan memburu target terdekat, meningkatkan kecepatan gerakan untuk waktu terbatas, dan memulihkanmu.","Quando colpisci un nemico, ottieni una polpetta di plancton, che, per un breve periodo, permetterà ai tuoi colpi di inseguire i nemici, ti farà muovere più velocemente e ti curerà.","敵に攻撃を当てるとエサボール1個を入手し、短時間自分の発射体に追尾効果が付与されて移動速度が上昇する。さらに自身を回復する。","공격이 적에게 적중하면 플랑크톤 미트볼을 획득하여 잠시 동안 발사체가 적을 추적하고 이동 속도가 증가하며 HP를 회복합니다.","Apabila mengenai musuh, anda mendapat Bola Umpan bagi projektil pandu tuju, kelajuan pergerakan ditingkatkan untuk masa yang singkat dan menyembuhkan anda.","Als je een vijand raakt, krijg je een Maatemmerbal die voor korte tijd je projectielen automatisch naar doelwitten leidt en je bewegingssnelheid verhoogt, en die je geneest.","Trafienie wroga daje pomyjowego klopsika, powodując, że pociski lecą do celu, zwiększając Twoją szybkość ruchu na krótki czas i lecząc Cię.","Acertar um inimigo dá uma almôndega que guia projéteis, aumenta a sua velocidade de movimento e restaura sua saúde por um breve período.","При попадании по врагу боец получает чам-шарик, благодаря которому в течение короткого времени боец восстанавливает здоровье и двигается быстрее, а все снаряды попадают в ближайшую цель.","ได้รับชัมบอลเมื่อโจมตีถูกศัตรู ทำให้กระสุนของคุณติตดามเป้าหมายได้ เพิ่มความเร็วในการเคลื่อนที่เป็นระยะเวลาสั้นๆ และเยียวยาคุณไปด้วย","Düşmanı vurduğunda bir yem topu alırsın; atışların hedefin peşine takılır, kısa bir süreliğine hareket hızın artar ve iyileşirsin.","Nhận được một viên Cá viên khi đánh trúng đối thủ, khiến đạn bắn ra truy tìm mục tiêu, tăng tốc độ di chuyển trong khoảng thời gian ngắn và hồi máu cho bạn."
"TID_SB_ASSASSIN_1_DESC","A spatula will periodically orbit around you. When enemies are low on health, your attacks will take them down instantly if you have a spatula!","ستدور ملعقة حولك بشكل متكرر. عندما تكون صحة الأعداء منخفضة، ستقضي هجماتك عليهم فورًا إذا كانت لديك ملعقة.","每隔一段时间，锅铲就会出现在你身边。有锅铲时，你的攻击可以立刻击倒生命值较低的敌方目标！","每隔一段時間，鍋鏟就會出現並在你身邊環繞。持有鍋鏟時，你的攻擊可以立刻擊殺生命值較低的敵方目標！","Von Zeit zu Zeit umkreist dich ein Pfannenwender. Wenn du einen Pfannenwender hast, besiegen deine Angriffe Gegner mit geringen Trefferpunkten sofort!","Una espátula orbitará a tu alrededor periódicamente. Si tienes una espátula, tus ataques derrotarán a los enemigos que tengan poca salud al instante.","Ympärillesi ilmestyy säännöllisesti paistinlasta, jonka ollessa aktiivisena tyrmäät hyökkäyksilläsi saman tien ne rämäpäät, joilla on vähän elinvoimaa jäljellä.","Une spatule tourne autour de vous périodiquement. Vos attaquent éliminent directement les ennemis qui ont peu de PV si vous avez une spatule !","שפכטל יסתובב סביבך מעת לעת. כאשר מצב הבריאות של האויבים נמוך, ההתקפות שלך יפילו אותם באופן מיידי אם יש בידך שפכטל!","Sebuah spatula akan muncul mengitarimu secara berkala. Jika kamu menyerang lawan dengan kesehatan rendah saat memiliki spatula, mereka bisa tumbang seketika!","Ogni tanto una spatola inizierà a orbitarti intorno e, finché la vedi, i tuoi attacchi elimineranno all'istante i nemici con poca salute.","フライ返しが定期的に周囲を旋回する。フライ返しが周回中に低HPの敵に攻撃を当てると、一撃で倒すことができる。","뒤집개가 주기적으로 주위를 맴돕니다. 뒤집개가 있을 때 HP가 낮은 적을 공격하면 해당 적이 즉시 처치됩니다!","Spatula akan mengelilingi anda secara berkala. Apabila nilai nyawa musuh rendah, serangan anda akan segera menewaskan mereka jika anda ada spatula!","Er draait regelmatig een spatel rondom je. Als vijanden weinig gezondheid hebben, zullen je aanvallen ze meteen uitschakelen als je een spatel hebt!","Szpatułka krąży od czasu do czasu wokół Ciebie. Gdy wrogowie mają mało punktów życia, Twoje ataki od razu ich wykańczają i dają Ci tymczasową niewidzialność, jeśli masz szpatułkę!","Uma espátula orbita ao seu redor de vez em quando. Se você estiver com ela, os seus ataques eliminam inimigos com pouca saúde instantaneamente!","Вокруг бойца иногда кружится лопатка. Если у врага мало здоровья, боец с лопаткой моментально побеждает его при атаке.","ตะหลิวจะหมุนรอบตัวคุณเป็นระยะๆ เมื่อศัตรูมีพลังชีวิตต่ำ การโจมตีของคุณจะปลิดชีวิตของศัตรูในทันทีหากคุณมีตะหลิว!","Düzenli aralıklarla etrafında bir spatula döner. Düşmanların sağlığı azaldığında spatulan varsa saldırılarınla onları anında alt edebilirsin!","Một chiếc xẻng nấu ăn sẽ quay quanh bạn theo chu kỳ. Khi đối thủ còn ít máu, đòn tấn công của bạn sẽ ngay lập tức hạ gục họ nếu bạn đang có một chiếc xẻng!"
"TID_SB_ASSASSIN_2_DESC","A spatula will periodically orbit around you. When enemies are low on health, your attacks will take them down instantly, and you also get a speed boost when defeating an enemy with a spatula!","ستدور ملعقة حولك بشكل متكرر. عندما تكون صحة الأعداء منخفضة، ستقضي هجماتك عليهم فورًا، وستحصل أيضًا على زيادة في السرعة عند هزيمة أحد الأعداء بملعقة.","每隔一段时间，锅铲就会出现在你身边。有锅铲时，你的攻击可以立刻击倒生命值较低的敌方目标。借助锅铲效果击倒敌人，还可提升你的移动速度！","每隔一段時間，鍋鏟就會出現並在你身邊環繞。持有鍋鏟時，你的攻擊可以立刻擊殺生命值較低的敵方目標。借助鍋鏟擊殺敵人還會提升你的移動速度！","Von Zeit zu Zeit umkreist dich ein Pfannenwender. Wenn du einen Pfannenwender hast, besiegen deine Angriffe Gegner mit geringen Trefferpunkten sofort. Außerdem erhältst du Extratempo, nachdem du mit einem Pfannenwender einen Gegner besiegst!","Una espátula orbitará a tu alrededor periódicamente. Si tienes una espátula, tus ataques derrotarán a los enemigos que tengan poca salud al instante; además, recibirás un potenciador de velocidad al derrotar a un enemigo.","Ympärillesi ilmestyy säännöllisesti paistinlasta, jonka ollessa aktiivisena tyrmäät hyökkäyksilläsi saman tien ne rämäpäät, joilla on vähän elinvoimaa jäljellä. Saat myös lisää nopeutta tyrmättyäsi vastustajan paistinlastalla!","Une spatule tourne autour de vous périodiquement. Vos attaquent éliminent directement les ennemis qui ont peu de PV et vous gagnez un boost de vitesse à chaque élimination si vous avez une spatule !","שפכטל יסתובב סביבך מעת לעת. כאשר מצב הבריאות של האויבים נמוך, ההתקפות שלך יפילו אותם באופן מיידי, ואם תביסו אויב באמצעות שפכטל, תרגישו גם האצה במהירות אחרי הפגיעה!","Sebuah spatula akan muncul mengitarimu secara berkala. Jika kamu menyerang lawan dengan kesehatan rendah saat memiliki spatula, mereka bisa tumbang seketika! Saat menumbangkan lawan, kecepatan gerakanmu juga akan meningkat!","Ogni tanto una spatola inizierà a orbitarti intorno e, finché la vedi, i tuoi attacchi elimineranno all'istante i nemici con poca salute e ti muoverai più velocemente dopo averne sconfitto uno.","フライ返しが定期的に周囲を旋回する。フライ返しが周回中に低HPの敵に攻撃を当てると、一撃で倒すことができる。さらに倒した後は移動速度が上昇する！","뒤집개가 주기적으로 주위를 맴돕니다. 뒤집개가 있을 때 HP가 낮은 적을 공격하면 해당 적이 즉시 처치되고 적을 처치하면 이동 속도가 증가합니다!","Spatula akan mengelilingi anda secara berkala. Apabila nilai nyawa musuh rendah, serangan anda akan segera menewaskan mereka dan anda juga mendapat galakan kelajuan apabila mengalahkan musuh dengan spatula!","Er draait regelmatig een spatel rondom je. Als vijanden weinig gezondheid hebben, zullen je aanvallen ze meteen uitschakelen. Je krijgt ook een snelheidsboost als je een vijand verslaat met een spatel!","Szpatułka krąży od czasu do czasu wokół Ciebie. Gdy wrogowie mają mało punktów życia, Twoje ataki od razu ich wykańczają. Po pokonaniu wroga szpatułką zyskujesz też zwiększoną prędkość!","Uma espátula orbita ao seu redor de vez em quando. Se você estiver com ela, os seus ataques eliminam inimigos com pouca saúde instantaneamente! Além disso, ao derrotar um inimigo, você recebe um aumento de velocidade!","Вокруг бойца иногда кружится лопатка. Если у врага мало здоровья, боец с лопаткой моментально побеждает его при атаке, а затем ускоряется.","ตะหลิวจะหมุนรอบตัวคุณเป็นระยะๆ เมื่อศัตรูมีพลังชีวิตต่ำ การโจมตีของคุณจะปลิดชีวิตของศัตรูในทันที และคุณยังจะได้รับบูสต์ความเร็วเมื่อจัดการศัตรูด้วยตะหลิวได้!","Düzenli aralıklarla etrafında bir spatula döner. Düşmanların sağlığı azaldığında saldırılarınla onları anında alt edebilirsin ve bir düşmanı spatulayla yok ettiğinde hızın artar!","Một chiếc xẻng nấu ăn sẽ quay quanh bạn theo chu kỳ. Khi đối thủ còn ít máu, đòn tấn công của bạn sẽ ngay lập tức hạ gục họ. Bạn cũng sẽ được tăng tốc độ di chuyển mỗi khi hạ gục một đối thủ bằng một chiếc xẻng!"
"TID_SB_ASSASSIN_3_DESC","A spatula will periodically orbit around you. When enemies are low on health, your attacks will take them down instantly, you also get a speed boost, and you become invisible when defeating an enemy with a spatula!","ستدور ملعقة حولك بشكل متكرر. عندما تكون صحة الأعداء منخفضة، ستقضي هجماتك عليهم فورًا، وستحصل أيضًا على زيادة في السرعة، وتصبح غير مرئي عند هزيمة أحد الأعداء بملعقة.","每隔一段时间，锅铲就会出现在你身边。有锅铲时，你的攻击可以立刻击倒生命值较低的敌方目标。借助锅铲效果击倒敌人，还可提升你的移动速度，并进入隐身状态！","每隔一段時間，鍋鏟就會出現並在你身邊環繞。持有鍋鏟時，你的攻擊可以立刻擊殺生命值較低的敵方目標。借助鍋鏟擊殺敵人還會提升你的移動速度，並進入隱身狀態！","Von Zeit zu Zeit umkreist dich ein Pfannenwender. Wenn du einen Pfannenwender hast, besiegen deine Angriffe Gegner mit geringen Trefferpunkten sofort. Außerdem erhältst du Extratempo und wirst unsichtbar, nachdem du mit einem Pfannenwender einen Gegner besiegst!","Una espátula orbitará a tu alrededor periódicamente. Si tienes una espátula, tus ataques derrotarán a los enemigos que tengan poca salud al instante; además, recibirás un potenciador de velocidad y te volverás invisible al derrotar a un enemigo.","Ympärillesi ilmestyy säännöllisesti paistinlasta, jonka ollessa aktiivisena tyrmäät hyökkäyksilläsi saman tien ne rämäpäät, joilla on vähän elinvoimaa jäljellä. Saat myös lisää nopeutta ja muutut näkymättömäksi tyrmättyäsi vastustajan paistinlastalla!","Une spatule tourne autour de vous périodiquement. Vos attaquent éliminent directement les ennemis qui ont peu de PV, et vous gagnez un boost de vitesse et devenez invisible à chaque élimination si vous avez une spatule !","שפכטל יסתובב סביבך מעת לעת. כאשר מצב הבריאות של האויבים נמוך, ההתקפות שלך יפילו אותם באופן מיידי, ואם תביסו אויב באמצעות שפכטל, תרגישו גם האצה במהירות ותהפכו לרואים ואינם נראים אחרי הפגיעה!","Sebuah spatula akan muncul secara berkala. Jika kamu menyerang lawan dengan kesehatan rendah saat memiliki spatula, mereka bisa tumbang seketika! Saat menumbangkan lawan, kecepatan gerakanmu juga akan meningkat dan kamu jadi tak terlihat!","Ogni tanto una spatola inizierà a orbitarti intorno e, finché la vedi, i tuoi attacchi elimineranno all'istante i nemici con poca salute e, dopo averne sconfitto uno, diventerai invisibile e ti muoverai più velocemente.","フライ返しが定期的に周囲を旋回する。フライ返しが周回中に低HPの敵に攻撃を当てると、一撃で倒すことができる。さらに倒した後は移動速度が上昇して自分が透明化する！","뒤집개가 주기적으로 주위를 맴돕니다. 뒤집개가 있을 때 HP가 낮은 적을 공격하면 해당 적이 즉시 처치됩니다. 적을 처치하면 이동 속도가 증가하고 투명 상태가 됩니다!","Spatula akan mengelilingi anda secara berkala. Apabila nilai nyawa musuh rendah, serangan anda akan segera menewaskan mereka, anda juga mendapat galakan kelajuan dan menjadi halimunan apabila mengalahkan musuh dengan spatula!","Er draait regelmatig een spatel rondom je. Als vijanden weinig gezondheid hebben, zullen je aanvallen ze meteen uitschakelen. Je krijgt ook een snelheidsboost en wordt onzichtbaar als je een vijand verslaat met een spatel!","Szpatułka krąży od czasu do czasu wokół Ciebie. Gdy wrogowie mają mało punktów życia, Twoje ataki od razu ich wykańczają. Po pokonaniu wroga szpatułką zyskujesz też zwiększoną prędkość i niewidzialność!","Uma espátula orbita ao seu redor de vez em quando. Se você estiver com ela, os seus ataques eliminam inimigos com pouca saúde instantaneamente! Além disso, ao derrotar um inimigo, você recebe um aumento de velocidade e fica invisível!","Вокруг бойца иногда кружится лопатка. Если у врага мало здоровья, боец с лопаткой моментально побеждает его при атаке, а затем становится невидимым и ускоряется.","ตะหลิวจะหมุนรอบตัวคุณเป็นระยะๆ เมื่อศัตรูมีพลังชีวิตต่ำ การโจมตีของคุณจะปลิดชีวิตของศัตรูในทันที คุณยังจะได้รับบูสต์ความเร็ว และมีสถานะล่องหนเมื่อจัดการศัตรูด้วยตะหลิวได้!","Düzenli aralıklarla etrafında bir spatula döner. Düşmanların sağlığı azaldığında saldırılarınla onları anında alt edebilirsin ve hızın artar. Ayrıca bir düşmanı spatulayla yok ettiğinde görünmez olursun!","Một chiếc xẻng nấu ăn sẽ quay quanh bạn theo chu kỳ. Khi đối thủ còn ít máu, đòn tấn công của bạn sẽ ngay lập tức hạ gục họ. Bạn cũng sẽ được tăng tốc độ di chuyển và trở nên tàng hình mỗi khi hạ gục một đối thủ bằng một chiếc xẻng!"
"TID_ELECTRO_DRAGOON_BELLE_SKIN","DRAGOON BELLE","بيل رشاش التنين","驭龙贝尔","蒼龍騎兵","DRAGONER BELLE","BELLE DRACÓNICA","RAKUUNA-BELLE","BELLE DRACONIQUE","בל הדרקונית","BELLE DRAGON","BELLE REGINA DEI DRAGHI","ドラグーン ベル","용기사 벨","BELLE NAGA","DRAGONDER BELLE","BELLE DRAGON","BELLE DRAGONTINA","ДРАКОНЬЯ БЕЛЛЬ","เบลล์ ชนเผ่ามังกร","EJDERHA BELLE","BELLE ĐIỆN LONG"
"TID_ELECTRO_DRAGOON_BELLE_SHOP","DRAGOON BELLE","بيل رشاش التنين","驭龙贝尔","蒼龍騎兵","DRAGONER BELLE","BELLE DRACÓNICA","RAKUUNA-BELLE","BELLE DRACONIQUE","בל הדרקונית","BELLE DRAGON","BELLE\nREGINA DEI DRAGHI","ドラグーン\nベル","용기사 벨","BELLE NAGA","DRAGONDER BELLE","BELLE DRAGON","BELLE\nDRAGONTINA","ДРАКОНЬЯ БЕЛЛЬ","เบลล์ ชนเผ่ามังกร","EJDERHA BELLE","BELLE\nĐIỆN LONG"
"TID_ROCKET_GIRL_ORIGINAL","FRESH CUT BROCK","بروك بتصفيفة جديدة","新发型布洛克","勁爆新髮型","FRISIERTER BROCK","BROCK PEINADO","TYYLITUKKA-BROCK","BROCK STYLÉ","רוק חדש-דנדש","BROCK SLEBOR BARU","BROCK POMPADOUR","ツーブロック","쿨 헤어 브록","BROCK RAMBUT BERGAYA","NIEUW KAPSEL-BROCK","BROCK PROSTO OD FRYZJERA","BROCK NO ESTILO","СТИЛЬНЫЙ БРОК","บร็อค ทรงผมเฟี้ยวเงาะ","YENİ KESİM BROCK","BROCK ĐIỂN TRAI"
"TID_ROCKET_GIRL_ORIGINAL_SHOP","FRESH CUT\nBROCK","بروك\nبتصفيفة جديدة","新发型布洛克","勁爆新髮型","FRISIERTER\nBROCK","BROCK\nPEINADO","TYYLITUKKA-\nBROCK","BROCK\nSTYLÉ","רוק\nחדש-דנדש","BROCK\nSLEBOR BARU","BROCK\nPOMPADOUR","ツーブロック","쿨 헤어 브록","BROCK\nRAMBUT BERGAYA","NIEUW KAPSEL-\nBROCK","BROCK\nPROSTO OD FRYZJERA","BROCK\nNO ESTILO","СТИЛЬНЫЙ\nБРОК","บร็อค\nทรงผมเฟี้ยวเงาะ","YENİ KESİM\nBROCK","BROCK\nĐIỂN TRAI"
"TID_KICKER_DUDE_FANS_FANG_SKIN","THE FANS' FANG","فانج حبيب الجماهير","游戏迷阿方","電玩小子","FANIDOL FANG","FANG\nPARA FANS","FANIEN FANG","FANG DES FANS","פאנג המפונפן","FANG FANDOM","FANG IDOLO DEI FAN","ゲーマー ファング","e스포츠 팽","FANG PEMAIN","FAN VAN FANG","KIBICOWY KIEŁ","FANG FÃ","ФАНАТ ФЭНГ","แฟง แฟนคลับ","FANATİK FANG","FANG THẦN TƯỢNG CỦA FAN"
"TID_KICKER_DUDE_FANS_FANG_SKIN_SHOP","THE FANS'\nFANG","فانج\nحبيب الجماهير","游戏迷阿方","電玩小子","FANIDOL\nFANG","FANG\nPARA FANS","FANIEN\nFANG","FANG\nDES FANS","פאנג\nהמפונפן","FANG\nFANDOM","FANG\nIDOLO DEI FAN","ゲーマー\nファング","e스포츠 팽","FANG\nPEMAIN","FAN VAN\nFANG","KIBICOWY\nKIEŁ","FANG\nFÃ","ФАНАТ\nФЭНГ","แฟง\nแฟนคลับ","FANATİK\nFANG","FANG\nTHẦN TƯỢNG CỦA FAN"
"TID_FISHTANK_HARVEST_SKIN","MOON GUARDIAN HANK","هانك حارس القمر","蟾宫明汉克","耀月玉兔","MONDWÄCHTER HANK","HANK\nGUARDIÁN LUNAR","KUUSOTILAS-HANK","HANK GARDIEN LUNAIRE","האנק שומר הירח","HANK PELINDUNG BULAN","HANK GUARDIANO LUNARE","月の守護者 ハンク","달의 수호자 행크","HANK PELINDUNG BULAN","MAANLANTAARN-HANK","STRAŻNIK KSIĘŻYCA HANK","HANK GUARDIÃO LUNAR","ЛУННЫЙ СТРАЖ ХЭНК","ผู้พิทักษ์จันทรา แฮงค์","AY MUHAFIZI HANK","HANK HỘ VỆ MẶT TRĂNG"
"TID_FISHTANK_HARVEST_SKIN_SHOP","MOON GUARDIAN\nHANK","هانك\nحارس القمر","蟾宫明汉克","耀月玉兔","MONDWÄCHTER\nHANK","HANK\nGUARDIÁN LUNAR","KUUSOTILAS-\nHANK","HANK\nGARDIEN LUNAIRE","האנק\nשומר הירח","HANK\nPELINDUNG BULAN","HANK\nGUARDIANO LUNARE","月の守護者\nハンク","달의 수호자\n행크","HANK\nPELINDUNG BULAN","MAANLANTAARN-\nHANK","STRAŻNIK KSIĘŻYCA\nHANK","HANK\nGUARDIÃO LUNAR","ЛУННЫЙ СТРАЖ\nХЭНК","ผู้พิทักษ์จันทรา\nแฮงค์","AY MUHAFIZI\nHANK","HANK\nHỘ VỆ MẶT TRĂNG"
"TID_CROW_HARVEST_SKIN","MOON GUARDIAN CROW","كرو حارس القمر","明月升黑鸦","耀月火鴉","MONDWÄCHTER CROW","CROW\nGUARDIÁN LUNAR","KUUSOTILAS-CROW","CORBAC GARDIEN LUNAIRE","קרואו שומר הירח","CROW PELINDUNG BULAN","CORVO GUARDIANO LUNARE","月の守護者 クロウ","달의 수호자 크로우","CROW PELINDUNG BULAN","MAANBEWAKER CROW","STRAŻNIK KSIĘŻYCA KRUK","CORVO GUARDIÃO LUNAR","ЛУННЫЙ СТРАЖ ВОРОН","ผู้พิทักษ์จันทรา โครว","AY MUHAFIZI CROW","QUẠ HỘ VỆ MẶT TRĂNG"
"TID_CROW_HARVEST_SKIN_SHOP","MOON GUARDIAN\nCROW","كرو\nحارس القمر","明月升黑鸦","耀月火鴉","MONDWÄCHTER\nCROW","CROW\nGUARDIÁN LUNAR","KUUSOTILAS-\nCROW","CORBAC\nGARDIEN LUNAIRE","קרואו\nשומר הירח","CROW\nPELINDUNG BULAN","CORVO\nGUARDIANO LUNARE","月の守護者\nクロウ","달의 수호자\n크로우","CROW\nPELINDUNG BULAN","MAANBEWAKER\nCROW","STRAŻNIK KSIĘŻYCA\nKRUK","CORVO\nGUARDIÃO LUNAR","ЛУННЫЙ СТРАЖ\nВОРОН","ผู้พิทักษ์จันทรา\nโครว","AY MUHAFIZI\nCROW","QUẠ\nHỘ VỆ MẶT TRĂNG"
"TID_JESTER_HARVEST_SKIN","MOON GUARDIAN CHESTER","تشيستر حارس القمر","鱼龙舞切斯特","耀月神龍","MONDWÄCHTER CHESTER","CHESTER\nGUARDIÁN LUNAR","KUUSOTILAS-CHESTER","CHESTER GARDIEN LUNAIRE","צ‘סטר שומר הירח","CHESTER PELINDUNG BULAN","CHESTER GUARDIANO LUNARE","月の守護者 チェスター","달의 수호자 체스터","CHESTER PELINDUNG BULAN","MAANBEWAKER CHESTER","STRAŻNIK KSIĘŻYCA CHESTER","CHESTER GUARDIÃO LUNAR","ЛУННЫЙ СТРАЖ ЧЕСТЕР","ผู้พิทักษ์จันทรา เชสเตอร์","AY MUHAFIZI CHESTER","CHESTER HỘ VỆ MẶT TRĂNG"
"TID_JESTER_HARVEST_SKIN_SHOP","MOON GUARDIAN\nCHESTER","تشيستر\nحارس القمر","鱼龙舞切斯特","耀月神龍","MONDWÄCHTER\nCHESTER","CHESTER\nGUARDIÁN LUNAR","KUUSOTILAS-\nCHESTER","CHESTER\nGARDIEN LUNAIRE","צ‘סטר\nשומר הירח","CHESTER\nPELINDUNG BULAN","CHESTER\nGUARDIANO LUNARE","月の守護者\nチェスター","달의 수호자\n체스터","CHESTER\nPELINDUNG BULAN","MAANBEWAKER\nCHESTER","STRAŻNIK KSIĘŻYCA\nCHESTER","CHESTER\nGUARDIÃO LUNAR","ЛУННЫЙ СТРАЖ\nЧЕСТЕР","ผู้พิทักษ์จันทรา\nเชสเตอร์","AY MUHAFIZI\nCHESTER","CHESTER\nHỘ VỆ MẶT TRĂNG"
"TID_BARREL_BOT_PLANKTON_SKIN","PLANKTON DARRYL","داريل شمشون","痞老板达里尔","皮老闆達里爾","PLANKTON DARRYL","DARRYL PLANKTON","PLANKTON-DARRYL","DARRYL PLANKTON","פלנקטון דאריל","DARRYL PLANKTON","BARRYL PLANKTON","プランクトン ダリル","플랑크톤 대릴","DARRYL PLANKTON","PLANKTON-DARRYL","PLANKTON DARRYL","DARRYL PLANKTON","ПЛАНКТОН ДЭРРИЛ","แพลงตอน ดารีล","PLANKTON DARRYL","DARRYL PLANKTON"
"TID_BARREL_BOT_PLANKTON_SKIN_SHOP","PLANKTON DARRYL","داريل شمشون","痞老板达里尔","皮老闆達里爾","PLANKTON DARRYL","DARRYL PLANKTON","PLANKTON-DARRYL","DARRYL PLANKTON","פלנקטון דאריל","DARRYL PLANKTON","BARRYL PLANKTON","プランクトン\nダリル","플랑크톤 대릴","DARRYL PLANKTON","PLANKTON-DARRYL","PLANKTON DARRYL","DARRYL\nPLANKTON","ПЛАНКТОН ДЭРРИЛ","แพลงตอน ดารีล","PLANKTON DARRYL","DARRYL\nPLANKTON"
"TID_MECHANIC_SANDY_SKIN","SANDY JESSIE","جيسي ساندي","珊迪杰西","珊迪潔西","SANDY JESSIE","JESSIE ARENITA","SANNA-JESSIE","JESSIE SANDY","סנדי ג‘סי","JESSIE SANDY","JESSIE SANDY","サンディ ジェシー","다람이 제시","JESSIE SANDY","SANDY-JESSIE","PYSIA JESSIE","JESSIE SANDY","ДЖЕССЭНДИ","แซนดี้ เจสซี่","SANDY JESSIE","JESSIE SANDY"
"TID_MECHANIC_SANDY_SKIN_SHOP","SANDY JESSIE","جيسي ساندي","珊迪杰西","珊迪潔西","SANDY JESSIE","JESSIE ARENITA","SANNA-JESSIE","JESSIE SANDY","סנדי ג‘סי","JESSIE SANDY","JESSIE SANDY","サンディ\nジェシー","다람이 제시","JESSIE SANDY","SANDY-JESSIE","PYSIA JESSIE","JESSIE\nSANDY","ДЖЕССЭНДИ","แซนดี้ เจสซี่","SANDY JESSIE","JESSIE\nSANDY"
"TID_CLUSTER_BOMB_DUDE_KRABS_SKIN","MR. KRABS TICK","تيك مستر سلطع","蟹老板迪克","蟹老闆滴答","MR. KRABS TICK","TICK\nDON CANGREJO","HERRA RAPU -TICK","TICK M. KRABS","מר סרטן-טיק","TICK MR. KRABS","TICK MR. KRAB","カーニさん ティック","집게사장 틱","TICK MR. KRABS","MENEER KRABS-TICK","PAN KRAB TICK","SR. TICK SIRIGUEJO","МИСТЕР ТИКС","มิสเตอร์แคร็บ ติ๊กต็อก","BAY YENGEÇ TICK","TICK ÔNG KRABS"
"TID_CLUSTER_BOMB_DUDE_KRABS_SKIN_SHOP","MR. KRABS\nTICK","تيك\nمستر سلطع","蟹老板迪克","蟹老闆滴答","MR. KRABS\nTICK","TICK\nDON CRANGREJO","HERRA RAPU\n-TICK","TICK\nM. KRABS","מר סרטן\n-טיק","TICK\nMR. KRABS","TICK MR. KRAB","カーニさん\nティック","집게사장 틱","TICK\nMR. KRABS","MENEER KRABS-\nTICK","PAN KRAB\nTICK","SR. TICK\nSIRIGUEJO","МИСТЕР ТИКС","มิสเตอร์แคร็บ\nติ๊กต็อก","BAY YENGEÇ\nTICK","TICK\nÔNG KRABS"
"TID_ROPE_DUDE_PATRICK_SKIN","BUZZ PATRICK","باز بسيط","派大星巴兹","派大星霸子","PATRICK BUZZ","BUZZ PATRICIO","PATRIK-BUZZ","BUZZ PATRICK","באז פטריק","BUZZ PATRICK","BUZZ PATRICK","パトリック バズ","뚱이 버즈","BUZZ PATRICK","PATRICK-BUZZ","BUZZ PATRYK","BUZZ PATRICK","БАЗЗТРИК","แพทริก บัซ","PATRICK BUZZ","BUZZ PATRICK"
"TID_ROPE_DUDE_PATRICK_SKIN_SHOP","BUZZ PATRICK","باز بسيط","派大星巴兹","派大星霸子","PATRICK BUZZ","BUZZ PATRICIO","PATRIK-BUZZ","BUZZ PATRICK","באז פטריק","BUZZ PATRICK","BUZZ PATRICK","パトリック\nバズ","뚱이 버즈","BUZZ PATRICK","PATRICK-BUZZ","BUZZ PATRYK","BUZZ\nPATRICK","БАЗЗТРИК","แพทริก บัซ","PATRICK BUZZ","BUZZ\nPATRICK"
"TID_UNDERTAKER_SQUIDWARD_SKIN","SQUIDWARD MORTIS","مورتيس شفيق","章鱼哥莫提斯","章魚哥莫提斯","THADDÄUS MORTIS","MORTIS CALAMARDO","JALMARI-MORTIS","MORTIS CARLO","סקווידוויד מורטיס","MORTIS SQUIDWARD","MORTIS SQUIDDI","イカルド モーティス","징징이 모티스","MORTIS SQUIDWARD","OCTO-MORTIS","SKALMAR MORTIS","MORTIS MOLUSCO","СКВИДВОРТИС","สควิดวอร์ด มอร์ติส","SQUIDWARD MORTIS","MORTIS SQUIDWARD"
"TID_UNDERTAKER_SQUIDWARD_SKIN_SHOP","SQUIDWARD MORTIS","مورتيس شفيق","章鱼哥莫提斯","章魚哥莫提斯","THADDÄUS MORTIS","MORTIS CALAMARDO","JALMARI-MORTIS","MORTIS CARLO","סקווידוויד מורטיס","MORTIS SQUIDWARD","MORTIS SQUIDDI","イカルド\nモーティス","징징이 모티스","MORTIS SQUIDWARD","OCTO-MORTIS","SKALMAR MORTIS","MORTIS\nMOLUSCO","СКВИДВОРТИС","สควิดวอร์ด มอร์ติส","SQUIDWARD MORTIS","MORTIS\nSQUIDWARD"
"TID_UNDERTAKER_SQUIDWARD_PINK_SKIN","PINK SQUIDWARD MORTIS","مورتيس شفيق الوردي","粉粉章鱼哥莫提斯","粉紅章魚哥莫提斯","ROSA THADDÄUS MORTIS","MORTIS\nCALAMARDO ROSA","PINKKI JALMARI-MORTIS","MORTIS CARLO ROSE","סקווידוויד מורטיס הוורוד","MORTIS SQUIDWARD MERAH MUDA","MORTIS SQUIDDI ROSA","ピンクイカルド モーティス","핑크 징징이 모티스","MORTIS SQUIDWARD MERAH JAMBU","ROZE OCTO-MORTIS","RÓŻOWY SKALMAR MORTIS","MORTIS MOLUSCO ROSA","РОЗОВЫЙ СКВИДВОРТИС","พิงค์สควิดวอร์ด มอร์ติส","PEMBE SQUIDWARD MORTIS","MORTIS SQUIDWARD HỒNG"
"TID_UNDERTAKER_SQUIDWARD_PINK_SKIN_SHOP","PINK SQUIDWARD\nMORTIS","مورتيس\nشفيق الوردي","粉粉章鱼哥\n莫提斯","粉紅章魚哥\n莫提斯","ROSA THADDÄUS\nMORTIS","MORTIS\nCALAMARDO ROSA","PINKKI JALMARI-\nMORTIS","MORTIS\nCARLO ROSE","סקווידוויד מורטיס\nהוורוד","MORTIS\nSQUIDWARD MERAH MUDA","MORTIS\nSQUIDDI ROSA","ピンクイカルド\nモーティス","핑크 징징이\n모티스","MORTIS\nSQUIDWARD MERAH JAMBU","ROZE OCTO-\nMORTIS","RÓŻOWY SKALMAR\nMORTIS","MORTIS\nMOLUSCO ROSA","РОЗОВЫЙ\nСКВИДВОРТИС","พิงค์สควิดวอร์ด\nมอร์ติส","PEMBE SQUIDWARD\nMORTIS","MORTIS\nSQUIDWARD HỒNG"
"TID_UNDERTAKER_SQUIDWARD_BLUE_SKIN","BLUE SQUIDWARD MORTIS","مورتيس شفيق الأزرق","蓝色章鱼哥莫提斯","藍色章魚哥莫提斯","BLAUER THADDÄUS MORTIS","MORTIS\nCALAMARDO AZUL","SININEN JALMARI-MORTIS","MORTIS CARLO BLEU","סקווידוויד מורטיס הכחול","MORTIS SQUIDWARD BIRU","MORTIS SQUIDDI BLU","ブルーイカルド モーティス","블루 징징이 모티스","MORTIS SQUIDWARD BIRU","BLAUWE OCTO-MORTIS","NIEBIESKI SKALMAR MORTIS","MORTIS MOLUSCO AZUL","ГОЛУБОЙ СКВИДВОРТИС","บลูสควิดวอร์ด มอร์ติส","MAVİ SQUIDWARD MORTIS","MORTIS SQUIDWARD XANH"
"TID_UNDERTAKER_SQUIDWARD_BLUE_SKIN_SHOP","BLUE SQUIDWARD\nMORTIS","مورتيس\nشفيق الأزرق","蓝色章鱼哥\n莫提斯","藍色章魚哥\n莫提斯","BLAUER THADDÄUS\nMORTIS","MORTIS\nCALAMARDO AZUL","SININEN JALMARI-\nMORTIS","MORTIS\nCARLO ROSE","סקווידוויד מורטיס\nהכחול","MORTIS\nSQUIDWARD BIRU","MORTIS\nSQUIDDI BLU","ブルーイカルド\nモーティス","블루 징징이\n모티스","MORTIS\nSQUIDWARD BIRU","BLAUWE OCTO-\nMORTIS","NIEBIESKI SKALMAR\nMORTIS","MORTIS\nMOLUSCO AZUL","ГОЛУБОЙ\nСКВИДВОРТИС","บลูสควิดวอร์ด\nมอร์ติส","MAVİ SQUIDWARD\nMORTIS","MORTIS\nSQUIDWARD XANH"
"TID_MINIGUN_DUDE_PUTRID_SKIN","PUTRID PAM","بام الزومبي","怪形帕姆","腐臭喪屍","VERDORBENE PAM","PAM PUTREFACTA","ZOMBI-PAM","PAM PUTRIDE","פאם המתפוררת","PAM SUSTER GEPENG","PAM PUTREFATTA","ギガゾンビ パム","언데드 팸","PAM REPUT","ZOMBIE-PAM","ZGNIŁA PAM","PAM PUTREFEITA","ДОХЛАЯ ПЭМ","แพม ผีบูดเบี้ยว","KOKUŞMUŞ PAM","PAM BỐC MÙI"
"TID_MINIGUN_DUDE_PUTRID_SKIN_SHOP","PUTRID\nPAM","بام\nالزومبي","怪形帕姆","腐臭喪屍","VERDORBENE\nPAM","PAM\nPUTREFACTA","ZOMBI-\nPAM","PAM\nPUTRIDE","פאם\nהמתפוררת","PAM\nSUSTER GEPENG","PAM\nPUTREFATTA","ギガゾンビ\nパム","언데드 팸","PAM\nREPUT","ZOMBIE-\nPAM","ZGNIŁA\nPAM","PAM\nPUTREFEITA","ДОХЛАЯ\nПЭМ","แพม\nผีบูดเบี้ยว","KOKUŞMUŞ\nPAM","PAM\nBỐC MÙI"
"TID_SOUL_COLLECTOR_GRUESOME_SKIN","GRUESOME GUS","جاس المروع","诡异格斯","駭人行屍","GRUSEL GUS","GUS GROTESCO","KARMEA GUS","GUS GLAUQUE","גאס הדוחה","GUS ANGKER","GUS MANGIACERVELLI","ブレインバルーン ガス","으스스 거스","GUS NGERI","GRUWELIJKE GUS","MAKABRYCZNY GUS","GUS MEDONHO","ГНИЮЩИЙ ГАС","กัส ผีสยองเกล้า","ÜRKÜTÜCÜ GUS","GUS GHÊ RỢN"
"TID_SOUL_COLLECTOR_GRUESOME_SKIN_SHOP","GRUESOME\nGUS","جاس\nالمروع","诡异格斯","駭人行屍","GRUSEL\nGUS","GUS\nGROTESCO","KARMEA\nGUS","GUS\nGLAUQUE","גאס\nהדוחה","GUS\nANGKER","GUS\nMANGIACERVELLI","ブレインバルーン\nガス","으스스 거스","GUS\nNGERI","GRUWELIJKE\nGUS","MAKABRYCZNY\nGUS","GUS\nMEDONHO","ГНИЮЩИЙ\nГАС","กัส\nผีสยองเกล้า","ÜRKÜTÜCÜ\nGUS","GUS\nGHÊ RỢN"
"TID_TNT_DUDE_DECAYING_SKIN","DECAYING DYNAMIKE","دينامايك المتحلل","腐坏麦克","衰變者","VERDERBENDER DYNAMIKE","DYNAMIKE\nEN DESCOMPOSICIÓN","MÄTÄNEVÄ DYNAMIKE","DYNAMIKE DÉCOMPOSÉ","דינ-מייק המרקיב","DYNAMIKE LAPUK","DYNAMIKE TIRACERVELLI","人造人間 マイク","뒤틀린 영혼 다이너마이크","DYNAMIKE MEREPUT","BEDORVEN DYNAMIKE","GNIJĄCY DYNAMIKE","DYNAMIKE DECOMPOSTO","МЕРТВЯК МАЙК","ไดนาไมค์ ผีร่างเปื่อย","ÇÜRÜYEN DYNAMIKE","DYNAMIKE MỤC RỮA"
"TID_TNT_DUDE_DECAYING_SKIN_SHOP","DECAYING\nDYNAMIKE","دينامايك\nالمتحلل","腐坏麦克","衰變者","VERDERBENDER\nDYNAMIKE","DYNAMIKE\nEN DESCOMPOSICIÓN","MÄTÄNEVÄ\nDYNAMIKE","DYNAMIKE\nDÉCOMPOSÉ","דינ-מייק\nהמרקיב","DYNAMIKE\nLAPUK","DYNAMIKE\nTIRACERVELLI","人造人間\nマイク","뒤틀린 영혼\n다이너마이크","DYNAMIKE\nMEREPUT","BEDORVEN\nDYNAMIKE","GNIJĄCY\nDYNAMIKE","DYNAMIKE\nDECOMPOSTO","МЕРТВЯК\nМАЙК","ไดนาไมค์\nผีร่างเปื่อย","ÇÜRÜYEN\nDYNAMIKE","DYNAMIKE\nMỤC RỮA"
"TID_DEAD_MARIACHI_POSSESSED_SKIN","POSSESSED POCO","بوكو الممسوس","魔魇波克","惡魔吉他手","BESESSENER POCO","POCO POSEÍDO","RIIVATTU POCO","POCO POSSÉDÉ","פוקו אחוז הדיבוק","POCO KESURUPAN","POCHO INDEMONIATO","スカルロッカー ポコ","악령 포코","POCO DIRASUK","BEZETEN POCO","OPĘTANY POCO","POCO POSSUÍDO","КОСТЯНОЙ ПОКО","โปโค่ ผีสิงร่าง","LANETLİ POCO","POCO QUỶ ÁM"
"TID_DEAD_MARIACHI_POSSESSED_SKIN_SHOP","POSSESSED\nPOCO","بوكو\nالممسوس","魔魇波克","惡魔吉他手","BESESSENER\nPOCO","POCO POSEÍDO","RIIVATTU\nPOCO","POCO\nPOSSÉDÉ","פוקו\nאחוז הדיבוק","POCO\nKESURUPAN","POCHO\nINDEMONIATO","スカルロッカー\nポコ","악령 포코","POCO\nDIRASUK","BEZETEN\nPOCO","OPĘTANY\nPOCO","POCO\nPOSSUÍDO","КОСТЯНОЙ\nПОКО","โปโค่\nผีสิงร่าง","LANETLİ\nPOCO","POCO\nQUỶ ÁM"
"TID_COOKER_DARK_KEEP_SKIN","DARK KEEP PEARL","بيرل حصن الظلام","炼狱看守珀尔","黑暗堡壘","DUNKELFESTUNG PEARL","PEARL\nFORTALEZA OSCURA","MUSTA LINNAKE -PEARL","PEARL AMBULANTE","פרל האפלה","PEARL CERUK KEGELAPAN","PEARL FORTEZZA OSCURA","闇の城塞 パール","다크 캐슬 펄","PEARL ISTANA SERAM","SPOOKHUIS-PEARL","PEARL MROCZNEJ TWIERDZY","PEARL FORTALEZA SOMBRIA","ПРОКЛЯТЫЙ ЗАМОК ПЕРЛ","เพิร์ล ปราการทมิฬ","KARANLIK KALE PEARL","PEARL LÂU ĐÀI MA"
"TID_COOKER_DARK_KEEP_SKIN_SHOP","DARK KEEP\nPEARL","بيرل\nحصن الظلام","炼狱看守珀尔","黑暗堡壘","DUNKELFESTUNG\nPEARL","PEARL\nFORTALEZA OSCURA","MUSTA LINNAKE\n-PEARL","PEARL\nAMBULANTE","פרל\nהאפלה","PEARL\nCERUK KEGELAPAN","PEARL\nFORTEZZA OSCURA","闇の城塞\nパール","다크 캐슬 펄","PEARL\nISTANA SERAM","SPOOKHUIS-\nPEARL","PEARL\nMROCZNEJ TWIERDZY","PEARL\nFORTALEZA SOMBRIA","ПРОКЛЯТЫЙ ЗАМОК\nПЕРЛ","เพิร์ล\nปราการทมิฬ","KARANLIK KALE\nPEARL","PEARL\nLÂU ĐÀI MA"
"TID_CONTROLLER_KNIGHTMARE_SKIN","KNIGHTMARE NANI","ناني فارسة الكوابيس","炼狱战骑纳妮","夢魘騎士","ALBTRAUMRITTERIN NANI","NANI\nPALADINA OSCURA","KAUHUJEN RITARI -NANI","NANI-GNOBLE","נאני המסויטת","NANI KESATRIA TEROR","IRIS INCUBO ALATO","ナイトメア ナーニ","악몽의 기사 나니","NANI MIMPI NGERI","NACHTRIDDER NANI","NANI KOSZMARNA RYCERKA","NANI GAN CEANN","КОШМАРНАЯ НАНИ","ไนท์แมร์ นานิ","KARABASAN NANI","NANI HIỆP SĨ ÁC MỘNG"
"TID_CONTROLLER_KNIGHTMARE_SKIN_SHOP","KNIGHTMARE\nNANI","ناني\nفارسة الكوابيس","炼狱战骑纳妮","夢魘騎士","ALBTRAUMRITTERIN\nNANI","NANI\nPALADINA OSCURA","KAUHUJEN RITARI\n-NANI","NANI-\nGNOBLE","נאני\nהמסויטת","NANI\nKESATRIA TEROR","IRIS\nINCUBO ALATO","ナイトメア\nナーニ","악몽의 기사\n나니","NANI\nMIMPI NGERI","NACHTRIDDER\nNANI","NANI\nKOSZMARNA RYCERKA","NANI\nGAN CEANN","КОШМАРНАЯ\nНАНИ","ไนท์แมร์\nนานิ","KARABASAN\nNANI","NANI\nHIỆP SĨ ÁC MỘNG"
"TID_ATTACHER_LOCK_SKIN","LOCKPICKIT","كيت بطل القفل والمفتاح","门之钥凯特","門之鑰","SCHLOSSKNACKIT","KIT PÍCARO","TIIRIKKA-KIT","KIT ROGUE","פריצתמנעול","KIT TUKANG KUNCI","KIT SGATTINATORE","マスターシーフ キット","자물쇠 따개 키트","KIT PENCURI","SLOTENKRAKER-KIT","WYTRYCHOWY KIT","KIT GATUNO","ВЗЛОМЩИК КИТ","จอมโจรคิต","ÇİLİNGİR KIT","KIT ĐẠO CHÍCH"
"TID_ATTACHER_LOCK_SKIN_SHOP","LOCKPICKIT","كيت بطل القفل والمفتاح","门之钥凯特","門之鑰","SCHLOSSKNACKIT","KIT PÍCARO","TIIRIKKA-KIT","KIT ROGUE","פריצתמנעול","KIT\nTUKANG KUNCI","KIT SGATTINATORE","マスターシーフ\nキット","자물쇠 따개\n키트","KIT PENCURI","SLOTENKRAKER-\nKIT","WYTRYCHOWY KIT","KIT\nGATUNO","ВЗЛОМЩИК КИТ","จอมโจรคิต","ÇİLİNGİR KIT","KIT\nĐẠO CHÍCH"
"TID_BEAMER_MALICIOUS_SKIN","MALICIOUS MANDY","ماندي ملكة الشر","邪恶魔女曼迪","憎恨女皇","MALIZIÖSE MANDY","MANDY\nMALICIOSA","PAHATAR-MANDY","MANDY MALICIEUSE","מנדי המרשעת","MANDY RATU DURJANA","MANDY MALIZIOSA","ダーククイーン マンディ","악의 여왕 맨디","MANDY JAHAT","MALICIEUZE MANDY","ZŁOWROGA MANDY","MANDY MALÉVOLA","ЗЛОДЕЙКА МЭНДИ","แม่มดพยาบาท แมนดี้","ŞEYTAN MANDY","MANDY MA MỊ"
"TID_BEAMER_MALICIOUS_SKIN_SHOP","MALICIOUS\nMANDY","ماندي\nملكة الشر","邪恶魔女曼迪","憎恨女皇","MALIZIÖSE\nMANDY","MANDY\nMALICIOSA","PAHATAR-\nMANDY","MANDY\nMALICIEUSE","מנדי\nהמרשעת","MANDY\nRATU DURJANA","MANDY\nMALIZIOSA","ダーククイーン\nマンディ","악의 여왕 맨디","MANDY\n JAHAT","MALICIEUZE\nMANDY","ZŁOWROGA\nMANDY","MANDY\nMALÉVOLA","ЗЛОДЕЙКА\nМЭНДИ","แม่มดพยาบาท\nแมนดี้","ŞEYTAN\nMANDY","MANDY\nMA MỊ"
"TID_DRAGON_RIDER_DREAD_KNIGHT_SKIN","DREAD KNIGHT DRACO","دراكو فارس الرعب","惊魂骑士德拉科","恐懼騎士","SCHRECKENSRITTER DRACO","DRACO\nCABALLERO ESPECTRAL","HAAMURITARI-DRACO","DRACORREUR","דראקו האביר האיום","DRACO KESATRIA HOROR","DRACO CAVALIERE MALIGNO","ドレッドナイト ドラコ","공포의 기사 드라코","DRACO KESATRIA MENAKUTKAN","SCHRIKRIDDER DRACO","UPIORNY RYCERZ DRACO","DRACO CAVALEIRO SINISTRO","ПРИЗРАЧНЫЙ ВСАДНИК ДРАКО","อัศวินขาร็อค ดราโก้","KORKUNÇ ŞÖVALYE DRACO","DRACO KỴ SĨ MA"
"TID_DRAGON_RIDER_DREAD_KNIGHT_SKIN_SHOP","DREAD KNIGHT\nDRACO","دراكو\nفارس الرعب","惊魂骑士\n德拉科","恐懼騎士","SCHRECKENSRITTER\nDRACO","DRACO\nCABALLERO ESPECTRAL","HAAMURITARI-\nDRACO","DRACORREUR","דראקו\nהאביר האיום","DRACO\nKESATRIA HOROR","DRACO\nCAVALIERE MALIGNO","ドレッドナイト\nドラコ","공포의 기사\n드라코","DRACO\nKESATRIA MENAKUTKAN","SCHRIKRIDDER\nDRACO","UPIORNY RYCERZ\nDRACO","DRACO\nCAVALEIRO SINISTRO","ПРИЗРАЧНЫЙ ВСАДНИК\nДРАКО","อัศวินขาร็อค\nดราโก้","KORKUNÇ ŞÖVALYE\nDRACO","DRACO\nKỴ SĨ MA"
"TID_POWER_LEVELER_SKELETAL_SKIN","SKELETAL SURGE","سيرج العظمي","骸骨之主瑟奇","骸骨領主","SKELETT SURGE","SURGE ESQUELETO","LUURANKO-SURGE","SURGE SQUELETTIQUE","סרג‘ השלד","SURGE JERANGKONG","ENERGETIK SCHELETRO","スケルトンナイト サージ","해골 서지","SURGE RANGKA","SKELET-SURGE","SZKIELETOWY SURGE","WATTSON REI ESQUELETO","СКЕЛЕТ ВОЛЬТ","เซิร์จ อัศวินโครงกระดูก","İSKELET SURGE","SURGE BỘ XƯƠNG"
"TID_POWER_LEVELER_SKELETAL_SKIN_SHOP","SKELETAL SURGE","سيرج العظمي","骸骨之主瑟奇","骸骨領主","SKELETT SURGE","SURGE ESQUELETO","LUURANKO-SURGE","SURGE SQUELETTIQUE","סרג‘ השלד","SURGE JERANGKONG","ENERGETIK SCHELETRO","スケルトンナイト\nサージ","해골 서지","SURGE RANGKA","SKELET-SURGE","SZKIELETOWY SURGE","WATTSON\nREI ESQUELETO","СКЕЛЕТ ВОЛЬТ","เซิร์จ อัศวินโครงกระดูก","İSKELET SURGE","SURGE\nBỘ XƯƠNG"
"TID_POWER_LEVELER_VILLAINOUS_SKIN","VILLAINOUS SKELETAL SURGE","سيرج العظمي الشرير","火狱骸骨瑟奇","邪焰骸骨領主","SCHURKENSKELETT SURGE","SURGE\nESQUELETO MALVADO","PAHA LUURANKO-SURGE","SURGE SQUELETTIQUE INFERNAL","סרג‘ השלד המרושע","SURGE JERANGKONG KEJAM","ENERGETIK SCHELETRO MALEFICO","スケルトンロード サージ","악당 해골 서지","SURGE RANGKA JAHAT","SLECHTERIK SKELET-SURGE","NIKCZEMNY SZKIELETOWY SURGE","WATTSON ESQUELETO SANGRENTO","ЗЛОДЕЙСКИЙ СКЕЛЕТ ВОЛЬТ","เซิร์จ อัศวินโครงกระดูกชั่วร้าย","KÖTÜ KALPLİ İSKELET SURGE","SURGE BỘ XƯƠNG PHẢN DIỆN"
"TID_POWER_LEVELER_VILLAINOUS_SKIN_SHOP","VILLAINOUS SKELETAL\nSURGE","سيرج\nالعظمي الشرير","火狱骸骨瑟奇","邪焰骸骨領主","SCHURKENSKELETT\nSURGE","SURGE\nESQUELETO MALVADO","PAHA LUURANKO-\nSURGE","SURGE\nSQUELETTIQUE INFERNAL","סרג‘\nהשלד המרושע","SURGE\nJERANGKONG KEJAM","ENERGETIK\nSCHELETRO MALEFICO","スケルトンロード\nサージ","악당 해골 서지","SURGE\nRANGKA JAHAT","SLECHTERIK SKELET-\nSURGE","NIKCZEMNY SZKIELETOWY\nSURGE","WATTSON\nESQUELETO SANGRENTO","ЗЛОДЕЙСКИЙ СКЕЛЕТ\nВОЛЬТ","เซิร์จ\nอัศวินโครงกระดูกชั่วร้าย","KÖTÜ KALPLİ İSKELET\nSURGE","SURGE\nBỘ XƯƠNG PHẢN DIỆN"
"TID_POWER_LEVELER_ANTI_HERO_SKIN","ANTI-HERO SKELETAL SURGE","سيرج البطل المزيف العظمي","圣洁骸骨瑟奇","聖焰骸骨領主","ANTIHELDENSKELETT SURGE","SURGE\nESQUELETO JUSTICIERO","ANTISANKARI-LUURANKO-SURGE","SURGE SQUELETTIQUE DÉCHU","סרג‘ השלד האנטי-גיבור","SURGE JERANGKONG PENUMPAS","ENERGETIK SCHELETRO GIUSTIZIERE","スケルトンバロン サージ","안티히어로 해골 서지","SURGE RANGKA ANTIWIRA","ANTIHELD SKELET-SURGE","SZKIELETOWY ANTYBOHATER SURGE","WATTSON ESQUELETO PALADINO","АНТИГЕРОЙ-СКЕЛЕТ ВОЛЬТ","เซิร์จ อัศวินโครงกระดูกแอนตี้ฮีโร่","ANTİ KAHRAMAN İSKELET SURGE","SURGE BỘ XƯƠNG PHẢN ANH HÙNG"
"TID_POWER_LEVELER_ANTI_HERO_SKIN_SHOP","ANTI-HERO SKELETAL\nSURGE","سيرج\nالبطل المزيف العظمي","圣洁骸骨瑟奇","聖焰骸骨領主","ANTIHELDENSKELETT\nSURGE","SURGE\nESQUELETO JUSTICIERO","ANTISANKARI-LUURANKO-\nSURGE","SURGE\nSQUELETTIQUE DÉCHU","סרג‘\nהשלד האנטי-גיבור","SURGE\nJERANGKONG PENUMPAS","ENERGETIK\nSCHELETRO GIUSTIZIERE","スケルトンバロン\nサージ","안티히어로 해골\n서지","SURGE\nRANGKA ANTIWIRA","ANTIHELD SKELET-\nSURGE","SZKIELETOWY ANTYBOHATER\nSURGE","WATTSON\nESQUELETO PALADINO","АНТИГЕРОЙ-СКЕЛЕТ\nВОЛЬТ","เซิร์จ\nอัศวินโครงกระดูกแอนตี้ฮีโร่","ANTİ KAHRAMAN İSKELET\nSURGE","SURGE \nBỘ XƯƠNG PHẢN ANH HÙNG"
"TID_TRUE_SILVER_BROCK_REVAMP_SKIN","TRUE SILVER FRESH CUT BROCK","بروك الفضة الخالصة بتصفيفة جديدة","铂银新发型布洛克","閃耀銀布洛克","STARSILBER FRISIERTER BROCK","BROCK\nPEINADO PLATEADO","JALOHOPEA-TYYLITUKKA-BROCK","BROCK STYLÉ ARGENT MASSIF","יציקת ברוק חדש-דנדש מכסף","BROCK SLEBOR BARU PERAK","BROCK POMPADOUR ARGENTEO","トゥルーシルバー ツーブロック","트루 실버 쿨 헤어 브록","BROCK RAMBUT BERGAYA PERAK","MASSIEF ZILVEREN NIEUW KAPSEL-BROCK","SREBRNY BROCK PROSTO OD FRYZJERA","BROCK NO ESTILO PRATEADO","СЕРЕБРЯНЫЙ СТИЛЬНЫЙ БРОК","บร็อค ทรงผมเฟี้ยวเงาะ ร่างเงินล้วน","SAF GÜMÜŞ YENİ KESİM BROCK","BROCK ĐIỂN TRAI BẰNG BẠC"
"TID_TRUE_GOLD_BROCK_REVAMP_SKIN","TRUE GOLD FRESH CUT BROCK","بروك الذهب الخالص بتصفيفة جديدة","辉金新发型布洛克","璀璨金布洛克","STARGOLD FRISIERTER BROCK","BROCK\nPEINADO DORADO","JALOKULTA-TYYLITUKKA-BROCK","BROCK STYLÉ OR MASSIF","יציקת ברוק חדש-דנדש מזהב","BROCK SLEBOR BARU EMAS","BROCK POMPADOUR 24 CARATI","トゥルーゴールド ツーブロック","트루 골드 쿨 헤어 브록","BROCK RAMBUT BERGAYA EMAS","MASSIEF GOUDEN NIEUW KAPSEL-BROCK","ZŁOTY BROCK PROSTO OD FRYZJERA","BROCK NO ESTILO DOURADO","ЗОЛОТОЙ СТИЛЬНЫЙ БРОК","บร็อค ทรงผมเฟี้ยวเงาะ ร่างทองล้วน","SAF ALTIN YENİ KESİM BROCK","BROCK ĐIỂN TRAI BẰNG VÀNG"
"TID_TRUE_SILVER_BROCK_REVAMP_SKIN_SHOP","TRUE SILVER FRESH CUT\nBROCK","بروك\nالفضة الخالصة بتصفيفة جديدة","铂银新发型\n布洛克","閃耀銀布洛克","STARSILBER FRISIERTER\nBROCK","BROCK\nPEINADO PLATEADO","JALOHOPEA-TYYLITUKKA-\nBROCK","BROCK\nSTYLÉ ARGENT MASSIF","יציקת ברוק חדש-דנדש\nמכסף","BROCK\nSLEBOR BARU PERAK","BROCK POMPADOUR\nARGENTEO","トゥルーシルバー\nツーブロック","트루 실버 쿨 헤어\n브록","BROCK\nRAMBUT BERGAYA PERAK","MASSIEF ZILVEREN\nNIEUW KAPSEL-BROCK","SREBRNY BROCK\nPROSTO OD FRYZJERA","BROCK\nNO ESTILO PRATEADO","СЕРЕБРЯНЫЙ\nСТИЛЬНЫЙ БРОК","บร็อค ทรงผมเฟี้ยวเงาะ\nร่างเงินล้วน","SAF GÜMÜŞ YENİ KESİM\nBROCK","BROCK ĐIỂN TRAI\nBẰNG BẠC"
"TID_TRUE_GOLD_BROCK_REVAMP_SKIN_SHOP","TRUE GOLD FRESH CUT\nBROCK","بروك\nالذهب الخالص بتصفيفة جديدة","辉金新发型\n布洛克","璀璨金布洛克","STARGOLD FRISIERTER\nBROCK","BROCK\nPEINADO DORADO","JALOKULTA-TYYLITUKKA-\nBROCK","BROCK\nSTYLÉ OR MASSIF","יציקת ברוק חדש-דנדש\nמזהב","BROCK\nSLEBOR BARU EMAS","BROCK POMPADOUR\n24 CARATI","トゥルーゴールド\nツーブロック","트루 골드 쿨 헤어\n브록","BROCK\nRAMBUT BERGAYA EMAS","MASSIEF GOUDEN\nNIEUW KAPSEL-BROCK","ZŁOTY BROCK\nPROSTO OD FRYZJERA","BROCK\nNO ESTILO DOURADO","ЗОЛОТОЙ\nСТИЛЬНЫЙ БРОК","บร็อค ทรงผมเฟี้ยวเงาะ\nร่างทองล้วน","SAF ALTIN YENİ KESİM\nBROCK","BROCK ĐIỂN TRAI\nBẰNG VÀNG"
"TID_TRUE_GOLD_PAINTER_SKIN","TRUE GOLD BERRY","بيري الذهب الخالص","辉金拜瑞","璀璨金貝瑞","STARGOLD BERRY","BERRY\nDORADO","JALOKULTA-BERRY","BERRY OR MASSIF","יציקת ברי מזהב","BERRY EMAS","BERRY 24 CARATI","トゥルーゴールド ベリー","트루 골드 베리","BERRY EMAS","MASSIEF GOUDEN BERRY","ZŁOTY BERRY","BERRY DOURADO","ЗОЛОТОЙ БЕРРИ","เบอร์รี่ ร่างทองล้วน","SAF ALTIN BERRY","BERRY BẰNG VÀNG"
"TID_TRUE_GOLD_PAINTER_SKIN_SHOP","TRUE GOLD\nBERRY","بيري\nالذهب الخالص","辉金拜瑞","璀璨金貝瑞","STARGOLD\nBERRY","BERRY\nDORADO","JALOKULTA-\nBERRY","BERRY\nOR MASSIF","יציקת ברי\nמזהב","BERRY\nEMAS","BERRY\n24 CARATI","トゥルーゴールド\nベリー","트루 골드 베리","BERRY\nEMAS","MASSIEF GOUDEN\nBERRY","ZŁOTY\nBERRY","BERRY\nDOURADO","ЗОЛОТОЙ\nБЕРРИ","เบอร์รี่\nร่างทองล้วน","SAF ALTIN\nBERRY","BERRY\nBẰNG VÀNG"
"TID_TRUE_SILVER_PAINTER_SKIN","TRUE SILVER BERRY","بيري الفضة الخالصة","铂银拜瑞","閃耀銀貝瑞","STARSILBER BERRY","BERRY\nPLATEADO","JALOHOPEA-BERRY","BERRY ARGENT MASSIF","יציקת ברי מכסף","BERRY PERAK","BERRY ARGENTEO","トゥルーシルバー ベリー","트루 실버 베리","BERRY PERAK","MASSIEF ZILVEREN BERRY","SREBRNY BERRY","BERRY PRATEADO","СЕРЕБРЯНЫЙ БЕРРИ","เบอร์รี่ ร่างเงินล้วน","SAF GÜMÜŞ BERRY","BERRY BẰNG BẠC"
"TID_TRUE_SILVER_PAINTER_SKIN_SHOP","TRUE SILVER\nBERRY","بيري\nالفضة الخالصة","铂银拜瑞","閃耀銀貝瑞","STARSILBER\nBERRY","BERRY\nPLATEADO","JALOHOPEA-\nBERRY","BERRY\nARGENT MASSIF","יציקת ברי\nמכסף","BERRY\nPERAK","BERRY\nARGENTEO","トゥルーシルバー\nベリー","트루 실버 베리","BERRY\nPERAK","MASSIEF ZILVEREN\nBERRY","SREBRNY\nBERRY","BERRY\nPRATEADO","СЕРЕБРЯНЫЙ\nБЕРРИ","เบอร์รี่\nร่างเงินล้วน","SAF GÜMÜŞ\nBERRY","BERRY\nBẰNG BẠC"
"TID_TRUE_GOLD_CRAB_SKIN","TRUE GOLD CLANCY","كلانسي الذهب الخالص","辉金克兰西","璀璨金克蘭西","STARGOLD CLANCY","CLANCY\nDORADO","JALOKULTA-CLANCY","CLANCY OR MASSIF","יציקת קלנסי מזהב","CLANCY EMAS","CLANCY 24 CARATI","トゥルーゴールド クランシー","트루 골드 클랜시","CLANCY EMAS","MASSIEF GOUDEN CLANCY","ZŁOTY CLANCY","CLANCY DOURADO","ЗОЛОТОЙ КЛЭНСИ","แคลนซี่ ร่างทองล้วน","SAF ALTIN CLANCY","CLANCY BẰNG VÀNG"
"TID_TRUE_GOLD_CRAB_SKIN_SHOP","TRUE GOLD\nCLANCY","كلانسي\nالذهب الخالص","辉金克兰西","璀璨金克蘭西","STARGOLD\nCLANCY","CLANCY\nDORADO","JALOKULTA-\nCLANCY","CLANCY\nOR MASSIF","יציקת קלנסי\nמזהב","CLANCY\nEMAS","CLANCY\n24 CARATI","トゥルーゴールド\nクランシー","트루 골드 클랜시","CLANCY\nEMAS","MASSIEF GOUDEN\nCLANCY","ZŁOTY\nCLANCY","CLANCY\nDOURADO","ЗОЛОТОЙ\nКЛЭНСИ","แคลนซี่\nร่างทองล้วน","SAF ALTIN\nCLANCY","CLANCY\nBẰNG VÀNG"
"TID_TRUE_SILVER_CRAB_SKIN","TRUE SILVER CLANCY","كلانسي الفضة الخالصة","铂银克兰西","閃耀銀克蘭西","STARSILBER CLANCY","CLANCY\nPLATEADO","JALOHOPEA-CLANCY","CLANCY ARGENT MASSIF","יציקת קלנסי מכסף","CLANCY PERAK","CLANCY ARGENTEO","トゥルーシルバー クランシー","트루 실버 클랜시","CLANCY PERAK","MASSIEF ZILVEREN CLANCY","SREBRNY CLANCY","CLANCY PRATEADO","СЕРЕБРЯНЫЙ КЛЭНСИ","แคลนซี่ ร่างเงินล้วน","SAF GÜMÜŞ CLANCY","CLANCY BẰNG BẠC"
"TID_TRUE_SILVER_CRAB_SKIN_SHOP","TRUE SILVER\nCLANCY","كلانسي\nالفضة الخالصة","铂银克兰西","閃耀銀克蘭西","STARSILBER\nCLANCY","CLANCY\nPLATEADO","JALOHOPEA-\nCLANCY","CLANCY\nARGENT MASSIF","יציקת קלנסי\nמכסף","CLANCY\nPERAK","CLANCY\nARGENTEO","トゥルーシルバー\nクランシー","트루 실버 클랜시","CLANCY\nPERAK","MASSIEF ZILVEREN\nCLANCY","SREBRNY\nCLANCY","CLANCY\nPRATEADO","СЕРЕБРЯНЫЙ\nКЛЭНСИ","แคลนซี่\nร่างเงินล้วน","SAF GÜMÜŞ\nCLANCY","CLANCY\nBẰNG BẠC"
"TID_COLLAB_SHOP_TAP_UNCOVER","Tap to reveal","اضغط للكشف","点击揭晓","點擊揭曉","Zum Aufdecken antippen","Toca para revelar","Paljasta napauttamalla","Appuyer pour révéler","מקישים ומגלים","Ketuk untuk membuka","Tocca per scoprire","タップして見る","탭해서 열기","Ketik untuk mendedahkan","Tik om te tonen","Stuknij, aby odkryć","Toque para exibir","Коснись, чтобы посмотреть","แตะเพื่อเปิดเผย","Açmak için dokun","Nhấn để khám phá"
"TID_COLLAB_SHOP_EVENT_TIMER","Event ends in:","ينتهي الحدث بعد:","距活动结束还有：","距活動結束還有：","Ereignis endet in:","El evento termina en","Tapahtuman päättymiseen:","Fin dans :","האירוע מסתיים בעוד:","Acara berakhir dalam:","L'evento termina tra:","イベント終了まで：","이벤트 종료까지:","Acara tamat dalam:","Evenement eindigt over:","Koniec wydarzenia za:","O evento termina em:","До конца события:","อีเวนท์สิ้นสุดใน:","Etkinliğin bitmesine:","Sự kiện kết thúc sau:"
"TID_STYLE_NIGHT_MARKET_INVENTORY_TITLE","YOUR POWER-UPS","عناصر التقوية الخاصة بك","已有强化道具","已有強化道具","DEINE POWER-UPS","TUS POTENCIADORES","VOIMALISÄSI","VOS BOOSTS","החיזוקים שלך","PENINGKAT KEKUATANMU","I TUOI POTENZIAMENTI","パワーアップ","내 파워 업","PENINGKATAN KUASA ANDA","JE POWER-UPS","TWOJE WZMOCNIENIA","SEUS REFORÇOS","ТВОИ УСИЛЕНИЯ","ไอเท็มเพิ่มพลังของคุณ","GÜÇLENDİRMELERİN","VẬT PHẨM CƯỜNG HÓA CỦA BẠN"
"TID_SHOP_CHAIN_OFFER","CHAIN OFFER","عرض متسلسل","连锁礼包","連鎖特惠","KETTENANGEBOT","SERIE DE OFERTAS","KETJUTARJOUS","SÉRIE D'OFFRES","שרשור מבצעים","PENAWARAN BERANTAI","SERIE DI OFFERTE","チェーンオファー","연쇄 특별 상품","TAWARAN RANTAI","KETTINGAANBIEDING","OFERTA ŁĄCZONA","OFERTA EM SEQUÊNCIA","ЦЕПОЧКА АКЦИЙ","ข้อเสนอต่อเนื่อง","ZİNCİR TEKLİF","ƯU ĐÃI CHUỖI"
"TID_EVENT_MODIFIER_39","SPONGEBOB","سبونج بوب","海绵宝宝","海綿寶寶","SPONGEBOB","BOB ESPONJA","PAAVO PESUSIENI","BOB L'ÉPONGE","בובספוג","SPONGEBOB","SPONGEBOB","スポンジ・ボブ","스폰지밥","SPONGEBOB","SPONGEBOB","SPONGEBOB","BOB ESPONJA","ГУБКА БОБ","สพันจ์บ็อบ","SÜNGERBOB","BỌT BIỂN SPONGEBOB"
"TID_EVENT_MODIFIER_DESC_39","Power-ups can be used. Have fun!","يمكن استخدام عناصر التقوية. استمتع بفوائدها!","可以使用强化道具，享受乐趣吧！","可以使用強化道具囉，盡情享受吧！","Power-Ups können eingesetzt werden. Viel Spaß damit!","Se pueden usar potenciadores. ¡Que te diviertas!","Voimalisät ovat käytössä. Pidä hauskaa!","Vous pouvez utiliser les boosts. Amusez-vous bien !","אפשר להשתמש בחיזוקים. שיהיה בכיף!","Peningkat kekuatan dapat digunakan! Selamat bersenang-senang!","I potenziamenti sono attivi! Divertiti ad usarli!","パワーアップを使用可能！","파워 업을 사용할 수 있습니다. 맘껏 즐기세요!","Peningkatan kuasa boleh digunakan. Berseronoklah!","Er kunnen power-ups gebruikt worden. Veel plezier!","Możesz używać wzmocnień. Miłej zabawy!","Reforços habilitados. Divirta-se!","Можно использовать усиления. Развлекайся!","สามารถใช้ไอเท็มเพิ่มพลังได้ เล่นให้สนุกนะ!","Güçlendirmeler kullanılabilir. İyi eğlenceler!","Bạn có thể dùng Vật phẩm cường hóa. Chơi vui nhé!"
"TID_TOP_TOOL_TIP_COLLAB_POINTS_GENERIC","Use Krusty Kash to get event offers from The Krusty Krab!","استخدم نقود سلطع للحصول على عروض الحدث من مقرمشات سلطع.","钱钱可用来在蟹堡王购买各种特惠！","錢錢可用來在蟹堡王購買各種特惠！","Verwende Krosse Kröten, um Ereignisangebote von der Krossen Krabbe zu erhalten!","Usa billetes crustáceos para comprar las ofertas del evento en el Crustáceo Cascarudo.","Osta rapurahalla tarjouksia Ravunkuoresta!","Utilisez du Kash Krabs pour acheter des offres au Crabe Croustillant !","KRUSTY KASH יכול לשמש כדי להשיג מבצעים מהסרטן העצבני!","Gunakan Krusty Kash untuk mendapatkan penawaran dari The Krusty Krab.","Usa i verdoni per acquistare le offerte nel Krusty Krab.","カニカーニでカニのカネを使用し、イベントオファーを購入しましょう！","집게리아에서 집게 머니를 사용해 이벤트 특별 상품을 구매하세요.","Gunakan Wang Krusty untuk mendapatkan tawaran dari Krusty Krab!","Gebruik korstige kash om aanbiedingen in de Krokante Krab te kopen!","Użyj krabowej forsy, aby skorzystać z ofert wydarzenia Pod tłustym krabem!","Use Verdinhas para adquirir ofertas de evento do Siri Cascudo!","За крабсы можно купить наборы события в «Красти Крабе».","ใช้เงินสดครัสตี้เพื่อซื้อข้อเสนออีเวนท์จากครัสตี้แคร็บ","Yengeç paralarını kullanarak Yengeç Restorandan etkinlik teklifleri alabilirsin!","Dùng Tiền Krusty để mua các ưu đãi sự kiện từ cửa hàng Krusty Krab!"
"TID_SB_MARKSMAN_1_DESC","After a cooldown, your next attack is empowered by Squidward's 'music', allowing it to pierce through environments.","بعد فترة تهدئة، تُعزز موسيقى شفيق هجومك التالي، لتجعله يخترق عناصر البيئة.","每过一段时间，下一次攻击就会具备章鱼哥的\q音乐\q魔力，可以穿透墙壁。","每過一段時間，下一次攻擊就會具備章魚哥的「音樂」魔力，可以穿透障礙物。","Nach einer Abklingzeit wird dein nächster Angriff durch Thaddäus‘ Musik verstärkt, sodass er die Umgebung durchdringen kann.","Tras un tiempo de espera, la música de Calamardo imbuirá de fuerza tu próximo ataque, que atravesará el entorno.","Latausajan jälkeen seuraava hyökkäyksesi on Jalmarin soittaman musiikin vahvistama ja lävistää muureja.","Après un petit chrono, votre prochaine attaque est augmentée par la musique de Carlo, lui permettant de traverser le décor.","לאחר תקופת צינון, המוזיקה של סקווידוויד תחזק את ההתקפה הבאה שלך, ותאפשר לה לחדור סביבות שונות.","Setelah masa tenang, serangan berikutnya akan diperkuat oleh alunan “musik” Squidward yang bisa menembus lingkungan.","Dopo un periodo di attivazione, l'attacco successivo che sferri verrà pervaso dal potere della \qmusica\q di Squiddi e sarà in grado di attraversare gli ostacoli.","クールダウンの後、次の攻撃がイカルゴの「音楽」パワーで強化され、障害物を貫通するようになる。","대기 시간 후 다음 공격이 징징이의 '음악'에 의해 강화되어 지형물을 관통합니다.","Selepas masa menunggu, serangan anda yang seterusnya akan diperkasakan oleh muzik Squidward, membolehkannya menembusi persekitaran.","Na een afkoeltijd wordt je volgende aanval versterkt door Octo's 'muziek', waardoor deze door de omgeving heen gaat.","Po krótkim czasie odnowienia Twój następny atak jest wzmocniony „muzyką” Skalmara i pozwala Ci przebijać się przez środowisko.","Após um breve tempo de espera, seu próximo ataque é fortalecido pela música do Lula Molusco e é capaz de atravessar muros.","Музыка Сквидварда позволяет следующей атаке бойца пробивать элементы окружения насквозь, но для повторного использования усиления нужно подождать.","หลังจากคูลดาวน์ การโจมตีครั้งถัดไปของคุณจะได้รับพลังเพิ่มจากดนตรีของสควิดวอร์ด ทำให้โจมตีทะลุสิ่งแวดล้อมได้","Bekleme süresinden sonraki saldırın, Squidward'ın \qmüziğiyle\q güçlendirilir ve engelleri delip geçebilir.","Sau thời gian hồi chiêu, đòn tấn công tiếp theo của bạn sẽ được tăng sức mạnh bởi \qâm nhạc\q của Squidward và có thể xuyên qua tường chắn."
"TID_SB_MARKSMAN_2_DESC","After a cooldown, your next attack is empowered by Squidward's 'music', allowing it to pierce environments and deal more damage.","بعد فترة تهدئة، تُعزز موسيقى شفيق هجومك التالي، لتجعله يخترق عناصر البيئة ويسبب المزيد من الضرر.","每过一段时间，下一次攻击就会具备章鱼哥的\q音乐\q魔力，可以穿透墙壁并造成更高伤害。","每過一段時間，下一次攻擊就會具備章魚哥的「音樂」魔力，可以穿透障礙物並造成更高傷害。","Nach einer Abklingzeit wird dein nächster Angriff durch Thaddäus‘ Musik verstärkt, sodass er die Umgebung durchdringen kann und mehr Schaden verursacht.","Tras un tiempo de espera, la música de Calamardo imbuirá de fuerza tu próximo ataque, que atravesará el entorno e infligirá más daño.","Latausajan jälkeen seuraava hyökkäyksesi on Jalmarin soittaman musiikin vahvistama: se lävistää muureja ja tekee enemmän tuhoa.","Après un petit chrono, votre prochaine attaque est augmentée par la musique de Carlo, lui permettant de traverser le décor et d'infliger plus de dégâts.","לאחר תקופת צינון, המוזיקה של סקווידוויד תחזק את ההתקפה הבאה שלך, תאפשר לה לחדור סביבות שונות ולגרום יותר נזק.","Setelah masa tenang, serangan berikutnya akan diperkuat oleh alunan “musik” Squidward yang bisa menembus lingkungan dan menimbulkan lebih banyak kerusakan.","Dopo un periodo di attivazione, l'attacco successivo che sferri verrà pervaso dal potere della \qmusica\q di Squiddi e sarà in grado di attraversare gli ostacoli e causare più danni.","クールダウンの後、次の攻撃がイカルゴの「音楽」パワーで強化され、障害物を貫通して敵へのダメージが増加する。","대기 시간 후 다음 공격이 징징이의 '음악'에 의해 강화되어 지형물을 관통하고 피해량이 증가합니다.","Selepas masa menunggu, serangan anda yang seterusnya akan diperkasakan oleh muzik Squidward, membolehkannya menembusi persekitaran dan melakukan lebih kerosakan.","Na een afkoeltijd wordt je volgende aanval versterkt door Octo's 'muziek', waardoor deze door de omgeving heen gaat en meer schade toebrengt.","Po czasie odnowienia Twój następny atak jest wzmocniony „muzyką” Skalmara i pozwala Ci przebijać się przez środowisko oraz zadawać więcej obrażeń.","Após um breve tempo de espera, seu próximo ataque é fortalecido pela música do Lula Molusco e é capaz de atravessar muros e causar mais dano.","Музыка Сквидварда увеличивает урон от следующей атаки бойца и позволяет ей пробивать элементы окружения насквозь, но для повторного использования усиления нужно подождать.","หลังจากคูลดาวน์ การโจมตีครั้งถัดไปของคุณจะได้รับพลังเพิ่มจากดนตรีของสควิดวอร์ด ทำให้โจมตีทะลุสิ่งแวดล้อมและความเสียหายเพิ่มเติมได้","Bekleme süresinden sonraki saldırın, Squidward'ın \qmüziğiyle\q güçlendirilerek engelleri delip geçer ve daha fazla hasar verir.","Sau thời gian hồi chiêu, đòn tấn công tiếp theo của bạn sẽ được tăng sức mạnh bởi \qâm nhạc\q của Squidward, có thể xuyên qua tường chắn và gây thêm sát thương."
"TID_TRIO_571","Burger Bay","خليج البرجر","汉堡海湾","漢堡海灣","Burgerbucht","Bahía de las hamburguesas","Hampparilahti","Baie aux burgers","מפרץ בורגר","Teluk Burger","Baia degli hamburger","ハンバーガーベイ","버거 베이","Teluk Burger","Burgerbaai","Zatoka Burgerowa","Baía do Hambúrguer","Бургерный залив","อ่าวเบอร์เกอร์","Burger Koyu","Vịnh Burger"
"TID_COLLAB_ITEM_BOX_SHOP_LABEL","TIME LIMITED POWER-UP INSIDE!","عنصر تقوية مؤقت بالداخل!","内含限时强化道具！","內含限時強化道具！","BEINHALTET ZEITLICH BEGRENZTES POWER-UP!","¡POTENCIADOR POR TIEMPO LIMITADO!","SISÄLTÄÄ AIKARAJOITETUN VOIMALISÄN!","CONTIENT UN BOOST LIMITÉ !","בפנים יש חיזוק מוגבל בזמן!","BERISI PENINGKAT KEKUATAN BERBATAS WAKTU!","CONTIENE UN POTENZIAMENTO A TEMPO LIMITATO!","期間限定パワーアップ入り！","기간 한정 파워 업 포함!","MENGANDUNGI PENINGKATAN KUASA MASA TERHAD!","BEVAT EEN TIJDELIJKE POWER-UP!","WEWNĄTRZ ZNAJDZIESZ OGRANICZONE CZASOWO WZMOCNIENIE!","REFORÇO POR TEMPO LIMITADO AQUI!","ВНУТРИ ВРЕМЕННОЕ УСИЛЕНИЕ!","มีไอเท็มเพิ่มพลังแบบจำกัดเวลาอยู่ข้างใน!","İÇİNDE SINIRLI SÜRELİ GÜÇLENDİRME VAR!","CHỨA VẬT PHẨM CƯỜNG HÓA CÓ GIỚI HẠN THỜI GIAN!"
"TID_SHOP_CHINA_WARNING","Warning: enjoy responsibly","تنبيه: حافظ على المسؤولية في استمتاعك بالمحتوى","请适度娱乐理性消费","","Achtung: Bitte verantwortungsvoll genießen!","Importante: Disfruta con responsabilidad.","Varoitus: nauti kohtuudella.","Avertissement : jouez avec modération","אזהרה: צריך ליהנות באחריות","Peringatan: Nikmati secara bertanggung jawab","Gioca responsabilmente","警告：責任を持ってお楽しみください","경고: 게임은 즐겁고 올바르게 이용하세요!","Amaran: main dengan bertanggungjawab","Waarschuwing: geniet met mate","Ostrzeżenie: prosimy o rozważne korzystanie","Aviso: aprecie com moderação!","Внимание: играйте ответственно","คำเตือน: สนุกอย่างรับผิดชอบ","Uyarı: Lütfen bilinçli oynayınız.","Cảnh báo: Chơi vui vẻ và sử dụng hợp lý."
"TID_COLLAB_STAR_TOKEN_TOOL_TIP","Your 1st win in this Event will reward you with Krusty Kash. Spend it in the Krusty Krab during the SpongeBob Event. Events with Krusty Kash rewards refresh daily","سيمنحك فوزك الأول في هذا الحدث نقود سلطع. أنفقها في مقرمشات سلطع خلال حدث سبونج بوب. تتجدد أحداث مكافآت نقود سلطع يوميًا.","在该活动模式中首次取胜可赢得钱钱。海绵宝宝活动期间，您可在蟹堡王中使用钱钱购买各种物品。可获得钱钱奖励的活动模式会每天刷新。","在該活動模式中首次獲勝可贏得錢錢。海綿寶寶活動期間，你可以在蟹堡王中使用錢錢購買各種物品。可獲得錢錢獎勵的活動模式會每天刷新。","Für deinen ersten Sieg in diesem Ereignis erhältst du Krosse Kröten. Gib sie während des SpongeBob-Ereignisses in der Krossen Krabbe aus. Ereignisse mit Belohnungen in Form von Krossen Kröten werden täglich aktualisiert.","Cuando ganes por primera vez en este evento, recibirás billetes crustáceos que podrás gastar en el Crustáceo Cascarudo durante el evento de Bob Esponja. Los eventos con los que ganar billetes crustáceos se actualizan cada día.","Tässä pelitilassa saat ensimmäisestä voitostasi palkinnoksi rapurahaa, jota voit käyttää Ravunkuoressa Paavo Pesusieni -tapahtuman aikana. Rapurahapalkintoja antavat pelitilat vaihtuvat päivittäin.","Votre première victoire dans cet événement vous rapportera du Kash Krabs, à dépenser pendant l'événement Bob l'éponge. Les événements qui offrent du Kash Krabs sont réinitialisés chaque jour.","הניצחון הראשון שלך באירוע הזה יעניק לך Krusty Kash. כדאי לנצל אותו בחנות הסרטן העצבני במהלך האירוע של בובספוג. אירועים עם פרסים של Krusty Kash מתרעננים מדי יום","Kemenangan pertama di Acara ini akan memberikan Krusty Kash! Gunakan Krusty Kash selama Acara SpongeBob! Acara dengan hadiah Krusty Kash akan disegarkan setiap hari!","Vincendo la prima volta in questo evento guadagnerai dei verdoni, che puoi spendere nel Krusty Krab durante l'evento di SpongeBob. Le modalità con in palio i verdoni cambiano ogni giorno.","このイベントでは、初回勝利で「カニのカネ」を獲得できます。カニのカネはスポンジ・ボブイベント中に「カニカーニ」で使用可能です。カニのカネ獲得イベントは毎日更新されます。","이 이벤트에서 첫 승을 거두면 집게 머니를 보상으로 받습니다. 획득한 집게 머니는 스폰지밥 이벤트 동안 집게리아에서 사용할 수 있습니다. 집게 머니를 보상으로 제공하는 이벤트는 매일 초기화됩니다.","Kemenangan pertama anda dalam acara ini akan memberikan anda Wang Krusty. Gunakan di Krusty Krab ketika Acara SpongeBob. Acara dengan ganjaran Wang Krusty akan segar semula setiap hari.","Je wordt beloond met korstige kash voor je eerste overwinning in dit evenement. Je kunt de kash gebruiken in de Krokante Krab tijdens het SpongeBob-evenement. Evenementen met korstige kash als beloning worden elke dag vernieuwd.","Za pierwsze zwycięstwo w tym wydarzeniu otrzymasz krabową forsę. Podczas wydarzenia ze SpongeBobem możesz ją wydawać Pod tłustym krabem. Wydarzenia z nagrodami w postaci krabowej forsy są odświeżane codziennie.","Sua primeira vitória concede verdinhas, que podem ser usadas no Siri Cascudo durante o evento do Bob Esponja. Os modos de jogo que dão verdinhas são reiniciados diariamente.","За первую победу в этом событии ты получишь крабсы. Их можно потратить в «Красти Крабе» во время события, посвящённого Губке Бобу. События с крабсами обновляются ежедневно.","การชนะครั้งแรกในอีเวนท์นี้จะมอบเงินสดครัสตี้เป็นรางวัลให้กับคุณ ใช้เงินสดครัสตี้ระหว่างอีเวนท์สพันจ์บ็อบ อีเวนท์ที่มีรางวัลเป็นเงินสดครัสตี้จะรีเฟรชใหม่ทุกวัน","Bu etkinlikteki ilk zaferin sana yengeç parası kazandırır. Bu paraları SüngerBob etkinliği süresince Yengeç Restoran'da kullanabilirsin. Yengeç parası kazandıran etkinlikler her gün yenilenir.","Chiến thắng đầu tiên của bạn trong Sự kiện này sẽ thưởng cho bạn Tiền Krusty. Hãy sử dụng loại tiền tệ này ở Cửa hàng Krusty Krab trong thời gian diễn ra Sự kiện Bọt biển SpongeBob. Những sự kiện có phần thưởng là Tiền Krusty sẽ được làm mới mỗi ngày."
"TID_GAME_MODE_16","ZOMBIE PLUNDER","نهب رؤوس الزومبي","夺怪奇兵","喪屍保衛戰","ZOMBIERAUB","ROBO DE ZOMBIS","ZOMBIKEIKKA","RUÉE SUR LES ZOMBIES","שלל של זומבים","PERBURUAN ZOMBI","LADRI DI ZOMBI","ゾンビ泥棒","좀비 훔치기","Rampas Zombi","ZOMBIEBUIT","ZOMBIE-RABUNEK","ZUMBI ROUBADO","РАСХИТИТЕЛИ ГРОБНИЦ","แผนปล้นหัวซอมบี้","ZOMBİ BASKINI","CƯỚP ĐẦU ZOMBIE"
"TID_GAME_MODE_16_DESC","Grab zombie heads from the opposing team and bring them to your base! Match ends when one team has captured two zombie heads, or when time runs out.","استحوذ على رؤوس الزومبي من فريق الخصم وأحضرها إلى قاعدتك. تنتهي المواجهة عندما يستحوذ أحد الفريقين على اثنين من رؤوس الزومبي أو عند انتهاء وقت المواجهة.","夺取对方怪物脑袋并带回我方基地！当时间终止或任一队伍夺得两个怪物脑袋时，对战结束。","奪取對方喪屍腦袋並帶回我方基地！當時間終止或任一隊伍奪得2個喪屍腦袋時，對戰結束。","Schnapp dir die Zombieköpfe der Gegner und bring sie in deine Basis! Das Match ist vorbei, wenn ein Team zwei Zombieköpfe erobert hat oder wenn die Zeit abläuft.","Roba las cabezas de zombi del equipo rival y tráelas hasta tu base. La partida termina cuando un equipo haya capturado dos cabezas de zombi o cuando se termine el tiempo.","Nappaa vastustajajoukkueen zombipäät ja tuo ne omaan tukikohtaasi! Ottelu päättyy, kun jompikumpi joukkue on vienyt kaksi päätä tai kun aika loppuu.","Piquez des têtes de zombie à l'équipe adverse et rapportez-les dans votre base ! Le match se termine quand une équipe a réussi à voler deux têtes de zombie ou quand le temps est écoulé.","תופסים ראשי זומבים של הקבוצה היריבה ומביאים אותם לבסיס! המשחק מסתיים כשאחת הקבוצות מצליחה לתפוס שני ראשי זומבים, או כשהזמן נגמר.","Rampas Kepala Zombi dari tim lawan dan bawa ke basismu! Laga berakhir saat waktu habis atau salah satu tim berhasil memburu dua Kepala Zombi.","Ruba le teste di zombi della squadra avversaria e portale alla tua base. Lo scontro finisce quando una squadra ha sottratto con successo due teste o quando scade il tempo.","相手チームのゾンビの頭を奪って、自分の陣地に持ち帰ろう！どちらかのチームがゾンビの頭を2つ確保するか、時間切れになるとバトルは終了する！","상대 팀의 좀비 머리를 아군 기지로 가져오세요! 한 팀이 2개의 좀비 머리를 차지하거나, 시간이 다 지나면 매치가 종료됩니다.","Rampas kepala zombi daripada pasukan lawan dan bawanya ke pangkalan anda! Perlawanan tamat apabila satu pasukan mendapat dua kepala zombi atau apabila masa tamat.","Steel zombiehoofden van de tegenpartij en neem ze mee naar je basis! De wedstrijd is afgelopen wanneer een team twee zombiehoofden verzamelt of wanneer de tijd verstrijkt.","Zabieraj głowy zombie drużynie przeciwnej i zanoś je do swojej bazy! Rozgrywka kończy się, gdy jedna z drużyn przejmie dwie głowy zombie albo gdy czas dobiegnie końca.","Roube cabeças de zumbi da equipe adversária e traga-as para a sua base! A partida termina quando uma equipe conseguir duas cabeças de zumbi ou quando o tempo acabar.","Забери головы зомби у команды противника и отнеси на свою базу! Бой закончится, когда одна из команд принесёт 2 головы или когда выйдет время.","ชิงหัวซอมบี้จากทีมคู่ต่อสู้และนำกลับไปที่ฐานของตนเอง! แมตช์จะจบลงเมื่อทีมใดทีมหนึ่งชิงหัวซอมบี้ได้สองหัวหรือเมื่อเวลาหมดลง","Rakip takımın zombi kafalarını alıp kendi üssüne getir! Takımlardan biri iki zombi kafasını kendi üssüne getirdiğinde ya da süre dolduğunda maç biter.","Hãy đoạt lấy những chiếc đầu zombie từ đội đối thủ và mang chúng về căn cứ của bạn! Trận đấu kết thúc khi có đội đoạt được 2 chiếc đầu zombie hoặc khi hết thời gian."
"TID_CTF_INTRO_TEXT","Grab two zombie heads to win","اجمع اثنين من رؤوس الزومبي للفوز","夺得两个怪物脑袋即可获胜","奪得2個喪屍腦袋即可獲勝","Schnapp dir zwei Zombieköpfe, um zu gewinnen!","¡Roba dos cabezas de zombi para ganar!","Voita nappaamalla kaksi zombipäätä!","Attrapez deux têtes de zombie pour gagner","תופסים שני ראשי זומבים כדי לנצח","Rebut dua Kepala Zombi untuk menang!","Cattura due teste di zombi per vincere","ゾンビの頭を2つ奪えば勝利！","좀비 머리 2개를 차지해 승리하세요.","Rampas dua kepala zombi untuk menang","Verzamel twee zombiehoofden om te winnen.","Aby zwyciężyć, przejmij dwie głowy zombie","Consiga duas cabeças de zumbi para ganhar!","Принеси две головы зомби на базу, чтобы победить!","ชิงหัวซอมบี้สองหัวเพื่อคว้าชัย","Kazanmak için iki zombi kafası ele geçir!","Đoạt lấy 2 chiếc đầu zombie để giành chiến thắng."
"TID_HINT_CTF_STEAL_GIFT","Grab the opposing team's zombie head!","استول على رأس زومبي الفريق الخصم!","夺取对方的怪物脑袋！","奪取對方的喪屍腦袋！","Schnapp dir den Zombiekopf von den Gegnern!","¡Roba la cabeza de zombi del equipo rival!","Nappaa vastustajajoukkueen zombipää!","Volez la tête de zombie de l'équipe adverse !","צריך לתפוס את ראש הזומבי של הקבוצה היריבה!","Rebut Kepala Zombi dari tim lawan!","Ruba la testa di zombi degli avversari!","相手チームのゾンビの頭を奪おう！","상대 팀의 좀비 머리를 차지하세요!","Rampas kepala zombi pasukan lawan!","Steel het zombiehoofd van het andere team!","Przechwyć głowę zombie drużyny przeciwnej!","Roube a cabeça de zumbi da equipe adversária!","Забери голову зомби у команды противника!","ชิงหัวซอมบี้จากทีมคู่ต่อสู้!","Rakip takımın zombi kafasını kap!","Đoạt lấy đầu zombie của đội đối thủ!"
"TID_HINT_CTF_BRING_GIFT_BACK","Bring the zombie head back to your base!","اجلب رأس الزومبي إلى قاعدتك!","将怪物脑袋带回基地！","將喪屍腦袋帶回我方基地！","Bring den Zombiekopf zurück in deine Basis!","¡Lleva la cabeza de zombi a tu base!","Vie zombipää tukikohtaasi!","Rapportez la tête de zombie dans votre base !","צריך להחזיר את ראש הזומבי לבסיס שלך!","Bawa Kepala Zombi kembali ke basismu!","Porta la testa di zombi alla base!","ゾンビの頭を自陣まで持ち帰ろう！","좀비 머리를 아군 기지로 가져오세요!","Bawa kepala zombi ke pangkalan anda!","Breng het zombiehoofd terug naar je basis!","Zanieś głowę zombie z powrotem do swojej bazy!","Traga a cabeça de zumbi de volta para a sua base!","Отнеси голову зомби на свою базу!","นำหัวซอมบี้กลับไปที่ฐานของตนเอง!","Zombi kafasını üssüne götür!","Mang đầu zombie về căn cứ của bạn!"
"TID_CTF_GOAL","<name>\nstole a zombie head!","<name>\nسرق رأس زومبي!","<name>\n夺得一个怪物脑袋！","<name>\n奪得1個喪屍腦袋！","<name>\nhat einen Zombiekopf gestohlen!","¡<name>\nha robado una cabeza de zombi!","<name>\nvarasti zombipään!","<name>\na volé une tête de zombie !","<name>\nגנבו ראש זומבי!","<name>\nmencuri Kepala Zombi!","<name>\nha rubato una testa di zombi!","<name>が\nゾンビの頭を奪取！","<name>\n좀비 머리 확보!","<name>\ntelah mencuri kepala zombi!","<name>\nheeft een zombiehoofd gestolen!","<name>\nkradnie głowę zombie!","<name>\nroubou uma cabeça de zumbi!","<name>\nкрадёт голову зомби!","<name>\n ขโมยหัวซอมบี้!","<name>\nbir zombi kafası çaldı!","<name>\nđã cướp được một chiếc đầu zombie!"
"TID_CTF_GOAL_MATCH_OVER","<name>\nstole a zombie head!\n\nMatch over","<name>\nسرق رأس زومبي!\n\nانتهت المواجهة","<name>\n夺得一个怪物脑袋！\n\n对战结束","<name>\n奪得1個喪屍腦袋！\n\n對戰結束","<name>\nhat einen Zombiekopf gestohlen!\n\nMatch vorbei!","¡<name>\nha robado una cabeza de zombi!\n\n¡Fin de la partida!","<name>\nvarasti zombipään!\n\nOttelu päättyi","<name>\na volé une tête de zombie !\n\nMatch terminé","<name>\nגנבו ראש זומבי!\n\nהמשחק הסתיים","<name>\nmencuri Kepala Zombi!\n\nLaga usai!","<name>\nha rubato una testa di zombi!\n\nLo scontro è terminato.","<name>が\nゾンビの頭を奪取！\n\nマッチ終了","<name>\n좀비 머리 확보!\n\n매치 종료!","<name>\ntelah mencuri kepala zombi!\n\nPertempuran tamat","<name>\nheeft een zombiehoofd gestolen!\n\nGevecht afgelopen","<name>\nkradnie głowę zombie!\n\nKoniec meczu","<name>\nroubou uma cabeça de zumbi!\n\nFim da partida","<name>\nкрадёт голову зомби!\n\nМатч окончен.","<name>\n ขโมยหัวซอมบี้!\n\nแมตช์จบแล้ว","<name>\nbir zombi kafası çaldı!\n\nMaç bitti.","<name>\nđã cướp được một chiếc đầu zombie!\n\nTrận đấu kết thúc!"
"TID_DIGGER_SP_2_DESC","Moe‘s Driller has increased travel speed.","زادت سرعة تنقل حفار مو.","阿萌的钻机移动速度提升。","莫的鑽地機移動速度提升。","Moes Bohrer bewegt sich schneller fort.","Dora, la excavadora de Moe, se mueve más rápido.","Moen pora liikkuu nopeammin.","La foreuse de Moe se déplace plus rapidement.","הדרילר של מו הגדיל את מהירות הנסיעה.","Kecepatan pergerakan Moesin Bor kini ditingkatkan!","La trivella di Moe è più veloce.","ドリラーの移動速度が上昇する。","드릴러의 이동 속도가 증가합니다.","Kelajuan gerudi Moe telah ditingkatkan.","Moe's Driller beweegt sneller.","Zwiększono prędkość ruchu Wiertła Moe.","A velocidade da escavadeira do Moe aumenta.","Дырокоп Мо перемещается быстрее.","สว่านของโมเพิ่มความเร็วในการเดินทาง","Moe'nun kazıcısının hızı artar.","Máy khoan của Moe đã tăng tốc độ di chuyển."
"TID_DIGGER_GADGET_2_DESC","Moe dashes a short distance in his Driller, destroying walls and knocking back Brawlers in the process.","يندفع مو لمسافة قصيرة بحفاره مدمرًا الجدران ومطيحًا بالأبطال في طريقه إلى الخلف.","阿萌驾驶钻机冲刺一小段距离，途中可以摧毁墙壁并击退撞到的敌人。","莫駕駛鑽地機衝鋒一小段距離，可以摧毀途中的牆壁並擊退撞到的敵人。","Moe prescht mit seinem Bohrer eine kurze Strecke nach vorn, durchbohrt dabei Wände und stößt Brawler zurück.","Moe pisa el acelerador de su excavadora, avanza una distancia corta, destruye los muros y empuja a los brawlers a su paso.","Moe tekee poransa kyydissä lyhyen syöksyn, joka tuhoaa samalla muureja ja työntää rämäpäitä taaksepäin.","Moe se rue en avant dans sa foreuse, détruisant les murs et repoussant les brawlers sur son chemin.","מו עובר מרחק קצר בדרילר שלו, ותוך כדי כך הורס קירות ומתנגש בבראולרים.","Moe menerjang dalam jarak dekat dengan Moesin Bor sembari menghancurkan tembok dan memukul mundur Jagoan lawan.","Moe scatta in avanti per un breve tratto a bordo di Nella, distruggendo i muri che trova sul suo cammino e respingendo i brawler nemici che colpisce.","ドリラーに搭乗中、少し前方にダッシュし、壁を破壊して敵をノックバックする。","드릴러로 짧은 거리를 돌진해 경로상의 벽을 파괴하고 브롤러를 뒤로 밀칩니다.","Moe memecut dalam jarak yang singkat di dalam gerudi dan memusnahkan benteng serta menolak brawler di sepanjang jalan.","Moe sprint een korte afstand in zijn Driller, waarbij hij muren vernietigt en knokkers terugduwt.","Moe pędzi na krótką odległość w Wiertle, niszcząc napotkane na drodze ściany i odrzucając dotkniętych zadymiarzy.","Moe sai em disparada com a sua escavadeira a uma curta distância, destruindo paredes e empurrando Brawlers no caminho.","Мо делает небольшой рывок на дырокопе, разрушая стены и отбрасывая бойцов в стороны.","โมพุ่งไปข้างหน้าเป็นระยะสั้นๆ เมื่ออยู่ในสว่าน ทำลายกำแพง และผลักบรอว์เลอร์ที่อยู่ในเส้นทางไปข้างหลัง","Moe kazıcısındayken kısa bir mesafe ileri atılır, önüne çıkan duvarları yıkar ve savaşçıları geri püskürtür.","Moe điều khiển Máy khoan xông về phía trước một khoảng ngắn, phá hủy tường chắn và đánh bật các Chiến binh Brawl trên đường đi."
"TID_SPEC_ABI_PREY_ON_THE_WEAK_DESC","Crow deals <c00cc00>+<VALUE1>%</c> damage with his attack and Super to targets with <VALUE2>% or less health.","يلحق هجوم كرو وزخمه <c00cc00>+<VALUE1>%</c> من الضرر بالأهداف التي تملك <VALUE2>% أو أقل من الصحة.","黑鸦的普通攻击和超级技能对生命值不高于<VALUE2>%的英雄可造成<c00cc00><VALUE1>%额外</c>伤害。","鴉的普通攻擊和超級技能對生命值在<VALUE2>%以下的英雄可造成<c00cc00>額外<VALUE1>%</c>傷害。","Crow verursacht mit seinem Angriff und seinem Superskill <c00cc00>+<VALUE1> %</c> Schaden bei Zielen, deren Trefferpunkte bei <VALUE2> % oder darunter liegen.","Crow inflige un <c00cc00><VALUE1> %</c> más de daño con su ataque y su súper a los objetivos que tengan menos del <VALUE2> % de salud.","Crow'n perus- ja superhyökkäys tekevät <c00cc00><VALUE1> %</c> enemmän tuhoa kohteisiin, joilla on <VALUE2> % tai vähemmän elinvoimaa.","Lorsqu'il attaque ou utilise son super, Corbac inflige <c00cc00>+<VALUE1> %</c> de points de dégâts aux cibles ayant <VALUE2> % de santé ou moins.","קרואו גורם <c00cc00><VALUE1>%</c> נזק עם המתקפה ותכונת הסופר שלו למטרות עם <VALUE2>% חיים או פחות.","Serangan normal dan Kekuatan Super milik Crow memberikan <c00cc00>+<VALUE1>%</c> kerusakan ke target dengan kesehatan <VALUE2>% atau kurang.","Corvo infligge il <c00cc00><VALUE1>%</c> di punti danno in più sia con l'attacco base che con la super ai brawler con salute pari o inferiore al <VALUE2>%.","HPが<VALUE2>％以下の敵に対して、クロウの通常攻撃と必殺技で<c00cc00>+<VALUE1>％</c>の追加ダメージが発生する。","HP가 <VALUE2>% 이하인 대상에게 일반 및 특수 공격으로 <c00cc00>+<VALUE1>%</c> 추가 피해를 줍니다.","Crow mengenakan <c00cc00>+<VALUE1>%</c> kerosakan dengan serangan dan Supernya terhadap sasaran dengan nilai nyawa <VALUE2>% atau lebih rendah.","Crow brengt <c00cc00>+<VALUE1>%</c> schade toe met zijn aanval en super aan doelwitten met maximaal <VALUE2>% van hun gezondheid.","Kruk zadaje <c00cc00>+<VALUE1>%</c> pkt. obrażeń, używając swojego ataku i superataku wobec celów mających <VALUE2>% lub mniej pkt. życia.","Corvo inflige <c00cc00><VALUE1>%</c> a mais de dano, tanto com o ataque regular quanto com o Super, a alvos com <VALUE2>% ou menos de saúde.","Атака и Супер Ворона наносят <c00cc00><VALUE1> %</c> дополнительного урона бойцам, уровень здоровья которых не выше <VALUE2> %.","โครวสร้างความเสียหาย <c00cc00>+<VALUE1>%</c> หน่วยด้วยพลังโจมตีและท่าไม้ตายของเขาเมื่อเป้าหมายมีพลังชีวิต <VALUE2>% หรือน้อยกว่า","Crow'un normal ve süper saldırısı sağlığı %<VALUE2> ve altı düşmanlara <c00cc00>%<VALUE1></c> fazla hasar verir.","Quạ gây ra thêm <c00cc00><VALUE1>%</c> sát thương khi sử dụng đòn tấn công và tuyệt chiêu lên những mục tiêu có từ <VALUE2>% máu trở xuống."
